"Accessoires";"Adaptateur voiture";"Avec matelas";"Avec roulettes";"Compatible";"Couleur";"Etat";"Evolutive";"Fixation";"Fixe";"Fonction chauffe biberon";"Fonction cuiseur vapeur";"Fonction mixeur";"Fonction parc";"Fonction stérilisateur";"Fonction vidéo";"Format";"Forme";"Garantie constructeur";"Garantie Marchand";"Grille de taille";"Inclinable";"Lavable";"Marque";"Matiere";"Motorisé";"Multicanaux";"Niveau de sécurité";"Nomade";"Nombre de roues";"Plancher ajustable";"Poids (en gramme)";"Portée";"Sexe";"Sous-type";"Style";"Taille";"Type"
"Access. nettoyage";"Non";"Non";"Non";"Non";"-";"-";"Non";"Non";"Non";"Non";"Non";"Non";"Non";"Non";"Full HD";"";"Carrée";"";"";"Bébé age et stature";"Non";"Non";"-";"Autre";"Non";"Non";"Accessoires";"Non";"2 roues";"Non";"";"Entre 150 et 300 m";"-";"-";"Authentique";"-";"-"
"Access. transport";"Oui";"Oui";"Oui";"Oui";"Argente";"Neuf";"Oui";"Oui";"Oui";"Oui";"Oui";"Oui";"Oui";"Oui";"HD";"";"Hexagonale";"";"";"Bébé et Enfant - Age";"Oui";"Oui";"Adidas";"Bois";"Oui";"Oui";"Groupe 0";"Oui";"3 roues";"Oui";"";"Entre 310 et 600 m";"Fille";"3 Roues (Tout-Terrain)";"Brocante de charme";"0-3 mois";"Accessoires allaitement"
"Autre";"";"";"";"";"Autre";"Occasion";"";"";"";"";"";"";"";"";"Non";"";"Ovale";"";"";"Canapé et fauteuil";"";"";"Aromakids";"Mélamine";"";"";"Groupe 0+";"";"4 roues";"";"";"Entre 610 et 1000 m";"Garcon";"4 Roues";"Brocante industrielle";"1 mois";"Accessoires poussette"
"Bavoir";"";"";"";"";"Beige";"";"";"";"";"";"";"";"";"";"Oui";"";"Rectangulaire";"";"";"Chaussants";"";"";"Autre";"Métal";"";"";"Groupe 0+ à 1";"";"";"";"";"Moins de 150 m";"Unisexe";"A froid";"Contemporain";"10 a 14 kg";"Accessoires puériculture"
"Couverts";"";"";"";"";"Blanc";"";"";"";"";"";"";"";"";"";"";"";"Ronde";"";"";"Collant";"";"";"Avalon Organics";"Plastique";"";"";"Groupe 1";"";"";"";"";"Plus de 1000 m";"";"Accessoires";"Contemporain classique";"12 mois";"Anneau de dentition"
"Plateau, set";"";"";"";"";"Bleu";"";"";"";"";"";"";"";"";"";"";"";"";"";"";"Divers en tour";"";"";"Avent";"Porcelaine";"";"";"Groupe 1 à 3";"";"";"";"";"";"";"Anneau de dentition";"Contemporain nature";"12-18 mois";"Assiette pour bébé"
"Vaisselle";"";"";"";"";"Bordeaux";"";"";"";"";"";"";"";"";"";"";"";"";"";"";"EU";"";"";"Babies R Us";"Tissu";"";"";"Groupe 2";"";"";"";"";"";"";"Assiettes";"Historique";"15 kg et plus";"Attache sucette"
"";"";"";"";"";"Dore";"";"";"";"";"";"";"";"";"";"";"";"";"";"";"Enfant - Age";"";"";"BabyBjorn";"";"";"";"Groupe 2 à 3";"";"";"";"";"";"";"Autonome";"Héritage";"18 mois";"Autre"
"";"";"";"";"";"Gris";"";"";"";"";"";"";"";"";"";"";"";"";"";"";"Enfant année";"";"";"Babysun";"";"";"";"Groupe 3";"";"";"";"";"";"";"Autre";"Voyage";"18-24 mois";"Babyphone"
"";"";"";"";"";"Jaune";"";"";"";"";"";"";"";"";"";"";"";"";"";"";"Enfant mois";"";"";"Bandai";"";"";"";"";"";"";"";"";"";"";"Bascule";"";"2 a 5 kg";"Baignoires"
"";"";"";"";"";"Kaki";"";"";"";"";"";"";"";"";"";"";"";"";"";"";"Fille 6-18";"";"";"Bebe Confort";"";"";"";"";"";"";"";"";"";"";"Bols";"";"24 mois";"Barboteuses, Combishorts"
"";"";"";"";"";"Marron";"";"";"";"";"";"";"";"";"";"";"";"";"";"";"Garçon 6-18";"";"";"Benetton";"";"";"";"";"";"";"";"";"";"";"Boulier";"";"3 mois";"Barrière"
"";"";"";"";"";"Noir";"";"";"";"";"";"";"";"";"";"";"";"";"";"";"Générique";"";"";"Berchet";"";"";"";"";"";"";"";"";"";"";"Chaise";"";"3-6 mois";"Barrière sécurité bébé"
"";"";"";"";"";"Orange";"";"";"";"";"";"";"";"";"";"";"";"";"";"";"Libre";"";"";"Boots";"";"";"";"";"";"";"";"";"";"";"Chinado";"";"6 a 9 kg";"Bas et chaussettes"
"";"";"";"";"";"Rose";"";"";"";"";"";"";"";"";"";"";"";"";"";"";"Linge de Maison générique";"";"";"Bruin";"";"";"";"";"";"";"";"";"";"";"Circuit ";"";"6 mois";"Bavoir"
"";"";"";"";"";"Rouge";"";"";"";"";"";"";"";"";"";"";"";"";"";"";"Linge de Maison spécifique";"";"";"Burberry";"";"";"";"";"";"";"";"";"";"";"Compartiment isotherme";"";"6-9 mois";"Bavoirs"
"";"";"";"";"";"Turquoise";"";"";"";"";"";"";"";"";"";"";"";"";"";"";"Lingerie Sport";"";"";"Burt's Bees";"";"";"";"";"";"";"";"";"";"";"Couches jetables";"";"9 mois";"Berceau"
"";"";"";"";"";"Vert";"";"";"";"";"";"";"";"";"";"";"";"";"";"";"Panty-Gaines (tour de taille)";"";"";"Cakewalk";"";"";"";"";"";"";"";"";"";"";"Couches lavables";"";"9-12 mois";"Biberon"
"";"";"";"";"";"Violet";"";"";"";"";"";"";"";"";"";"";"";"";"";"";"Soutien-Gorge";"";"";"Catimini";"";"";"";"";"";"";"";"";"";"";"Couverts";"";"Autre";"Biberons"
"";"";"";"";"";"";"";"";"";"";"";"";"";"";"";"";"";"";"";"";"Soutien-Gorge (bonnet groupé)";"";"";"Chad Valley";"";"";"";"";"";"";"";"";"";"";"Cremes, Laits";"";"Enfant premature";"Body"
"";"";"";"";"";"";"";"";"";"";"";"";"";"";"";"";"";"";"";"";"Tour de ceinture";"";"";"Chicco";"";"";"";"";"";"";"";"";"";"";"Dorsal";"";"Nouveau ne";"Cabane, Tente"
"";"";"";"";"";"";"";"";"";"";"";"";"";"";"";"";"";"";"";"";"Tour de ceinture";"";"";"Combelle";"";"";"";"";"";"";"";"";"";"";"Doubles, Triples";"";"Premature";"Cale bébé"
"";"";"";"";"";"";"";"";"";"";"";"";"";"";"";"";"";"";"";"";"Tour de poitrine";"";"";"Corolle";"";"";"";"";"";"";"";"";"";"";"Drap";"";"";"Cape de bain"
"";"";"";"";"";"";"";"";"";"";"";"";"";"";"";"";"";"";"";"";"US en stature";"";"";"Crayola";"";"";"";"";"";"";"";"";"";"";"Drap housse";"";"";"Capes de bain"
"";"";"";"";"";"";"";"";"";"";"";"";"";"";"";"";"";"";"";"";"US numérique";"";"";"Cyrillus";"";"";"";"";"";"";"";"";"";"";"Eaux de Toilette";"";"";"Cardigans et pulls"
"";"";"";"";"";"";"";"";"";"";"";"";"";"";"";"";"";"";"";"";"US spécifique";"";"";"DKNY";"";"";"";"";"";"";"";"";"";"";"Echarpe de portage";"";"";"Chaise haute"
"";"";"";"";"";"";"";"";"";"";"";"";"";"";"";"";"";"";"";"";"";"";"";"Dior";"";"";"";"";"";"";"";"";"";"";"Electrique";"";"";"Chancelière"
"";"";"";"";"";"";"";"";"";"";"";"";"";"";"";"";"";"";"";"";"";"";"";"Disney";"";"";"";"";"";"";"";"";"";"";"Empiler";"";"";"Chapeaux, Echarpes, Moufles"
"";"";"";"";"";"";"";"";"";"";"";"";"";"";"";"";"";"";"";"";"";"";"";"Duplo";"";"";"";"";"";"";"";"";"";"";"Ensembles, Coffrets";"";"";"Chauffe biberon"
"";"";"";"";"";"";"";"";"";"";"";"";"";"";"";"";"";"";"";"";"";"";"";"ELC";"";"";"";"";"";"";"";"";"";"";"Eveil multi-activites";"";"";"Chauffe-biberons"
"";"";"";"";"";"";"";"";"";"";"";"";"";"";"";"";"";"";"";"";"";"";"";"Elle";"";"";"";"";"";"";"";"";"";"";"Eveil musical";"";"";"Chemises et chemisiers"
"";"";"";"";"";"";"";"";"";"";"";"";"";"";"";"";"";"";"";"";"";"";"";"Esprit";"";"";"";"";"";"";"";"";"";"";"Ferme";"";"";"Coffret cadeau bébé"
"";"";"";"";"";"";"";"";"";"";"";"";"";"";"";"";"";"";"";"";"";"";"";"Fisher Price";"";"";"";"";"";"";"";"";"";"";"Garage, Vehicule";"";"";"Combinaisons pilote"
"";"";"";"";"";"";"";"";"";"";"";"";"";"";"";"";"";"";"";"";"";"";"";"Gap";"";"";"";"";"";"";"";"";"";"";"Gigoteuse";"";"";"Couches"
"";"";"";"";"";"";"";"";"";"";"";"";"";"";"";"";"";"";"";"";"";"";"";"Graco";"";"";"";"";"";"";"";"";"";"";"Groupe 0 (-10 kg)";"";"";"Couches lavables"
"";"";"";"";"";"";"";"";"";"";"";"";"";"";"";"";"";"";"";"";"";"";"";"H&amp;M";"";"";"";"";"";"";"";"";"";"";"Groupe 1 (9 a 18 kg)";"";"";"Couette enfant bébé"
"";"";"";"";"";"";"";"";"";"";"";"";"";"";"";"";"";"";"";"";"";"";"";"Hasbro";"";"";"";"";"";"";"";"";"";"";"Groupe 2/3 (15 a 36 kg)";"";"";"Couffin"
"";"";"";"";"";"";"";"";"";"";"";"";"";"";"";"";"";"";"";"";"";"";"";"Jacadi";"";"";"";"";"";"";"";"";"";"";"Habillage pluie";"";"";"Coussin chaise haute"
"";"";"";"";"";"";"";"";"";"";"";"";"";"";"";"";"";"";"";"";"";"";"";"Jean Bourget";"";"";"";"";"";"";"";"";"";"";"Hochet";"";"";"Coussin d'allaitement"
"";"";"";"";"";"";"";"";"";"";"";"";"";"";"";"";"";"";"";"";"";"";"";"Johnson &amp; Johnson";"";"";"";"";"";"";"";"";"";"";"Housse de couette";"";"";"Coussinets d'allaitement"
"";"";"";"";"";"";"";"";"";"";"";"";"";"";"";"";"";"";"";"";"";"";"";"Kaloo";"";"";"";"";"";"";"";"";"";"";"Jeu de construction";"";"";"Coussins d'allaitement"
"";"";"";"";"";"";"";"";"";"";"";"";"";"";"";"";"";"";"";"";"";"";"";"Kenzo";"";"";"";"";"";"";"";"";"";"";"Jeu de formes";"";"";"Couverts bébé"
"";"";"";"";"";"";"";"";"";"";"";"";"";"";"";"";"";"";"";"";"";"";"";"Lansay";"";"";"";"";"";"";"";"";"";"";"Jeu pour poussette";"";"";"Doudou"
"";"";"";"";"";"";"";"";"";"";"";"";"";"";"";"";"";"";"";"";"";"";"";"Liegelind";"";"";"";"";"";"";"";"";"";"";"Jouet qui couine";"";"";"Ensemble bébé"
"";"";"";"";"";"";"";"";"";"";"";"";"";"";"";"";"";"";"";"";"";"";"";"Mamas &amp; Papas";"";"";"";"";"";"";"";"";"";"";"Lingettes lavables";"";"";"Eveil"
"";"";"";"";"";"";"";"";"";"";"";"";"";"";"";"";"";"";"";"";"";"";"";"Mexx";"";"";"";"";"";"";"";"";"";"";"Livre d'eveil";"";"";"Gigoteuse"
"";"";"";"";"";"";"";"";"";"";"";"";"";"";"";"";"";"";"";"";"";"";"";"Mothercare";"";"";"";"";"";"";"";"";"";"";"Lots";"";"";"Gigoteuses, Nids d'ange"
"";"";"";"";"";"";"";"";"";"";"";"";"";"";"";"";"";"";"";"";"";"";"";"Moulin Roty";"";"";"";"";"";"";"";"";"";"";"Maison";"";"";"Goupillon"
"";"";"";"";"";"";"";"";"";"";"";"";"";"";"";"";"";"";"";"";"";"";"";"Nathan";"";"";"";"";"";"";"";"";"";"";"Manuel";"";"";"Hauts et T-shirts"
"";"";"";"";"";"";"";"";"";"";"";"";"";"";"";"";"";"";"";"";"";"";"";"Oilily";"";"";"";"";"";"";"";"";"";"";"Marche pied";"";"";"Hochet"
"";"";"";"";"";"";"";"";"";"";"";"";"";"";"";"";"";"";"";"";"";"";"";"Petit Bateau";"";"";"";"";"";"";"";"";"";"";"Micro-ondes";"";"";"Jeu d'eau"
"";"";"";"";"";"";"";"";"";"";"";"";"";"";"";"";"";"";"";"";"";"";"";"Play doh";"";"";"";"";"";"";"";"";"";"";"Mixte";"";"";"Jeu d'emboitage"
"";"";"";"";"";"";"";"";"";"";"";"";"";"";"";"";"";"";"";"";"";"";"";"Playskool";"";"";"";"";"";"";"";"";"";"";"Ombrelle";"";"";"Jeu educatif, prescolaire"
"";"";"";"";"";"";"";"";"";"";"";"";"";"";"";"";"";"";"";"";"";"";"";"Portofino";"";"";"";"";"";"";"";"";"";"";"Plastique";"";"";"Jouet 1er âge"
"";"";"";"";"";"";"";"";"";"";"";"";"";"";"";"";"";"";"";"";"";"";"";"Ralph Lauren";"";"";"";"";"";"";"";"";"";"";"Porteur, Pousseur";"";"";"Jouet a trainer"
"";"";"";"";"";"";"";"";"";"";"";"";"";"";"";"";"";"";"";"";"";"";"";"Sigikid";"";"";"";"";"";"";"";"";"";"";"Portique + Tapis";"";"";"Jupes"
"";"";"";"";"";"";"";"";"";"";"";"";"";"";"";"";"";"";"";"";"";"";"";"Smoby";"";"";"";"";"";"";"";"";"";"";"Portique d'activites";"";"";"Kit audio grossesse"
"";"";"";"";"";"";"";"";"";"";"";"";"";"";"";"";"";"";"";"";"";"";"";"Sterntaler";"";"";"";"";"";"";"";"";"";"";"Poubelles a couches";"";"";"Lit bébé"
"";"";"";"";"";"";"";"";"";"";"";"";"";"";"";"";"";"";"";"";"";"";"";"Sucre d'Orge";"";"";"";"";"";"";"";"";"";"";"Puzzle";"";"";"Livre premier âge"
"";"";"";"";"";"";"";"";"";"";"";"";"";"";"";"";"";"";"";"";"";"";"";"Sudocrem";"";"";"";"";"";"";"";"";"";"";"Remorque";"";"";"Lot varie"
"";"";"";"";"";"";"";"";"";"";"";"";"";"";"";"";"";"";"";"";"";"";"";"Tommee Tippee";"";"";"";"";"";"";"";"";"";"";"Reversible";"";"";"Lots"
"";"";"";"";"";"";"";"";"";"";"";"";"";"";"";"";"";"";"";"";"";"";"";"Tommy Hilfiger";"";"";"";"";"";"";"";"";"";"";"Sacs a couches";"";"";"Maillots de bain"
"";"";"";"";"";"";"";"";"";"";"";"";"";"";"";"";"";"";"";"";"";"";"";"Tomy";"";"";"";"";"";"";"";"";"";"";"Savons, Gels";"";"";"Manteaux"
"";"";"";"";"";"";"";"";"";"";"";"";"";"";"";"";"";"";"";"";"";"";"";"Toys R Us";"";"";"";"";"";"";"";"";"";"";"Shampoings";"";"";"Marche de poussette"
"";"";"";"";"";"";"";"";"";"";"";"";"";"";"";"";"";"";"";"";"";"";"";"VTech";"";"";"";"";"";"";"";"";"";"";"Standard";"";"";"Marchepied"
"";"";"";"";"";"";"";"";"";"";"";"";"";"";"";"";"";"";"";"";"";"";"";"Vert Baudet";"";"";"";"";"";"";"";"";"";"";"Systemes combines";"";"";"Matelas enfant bébé"
"";"";"";"";"";"";"";"";"";"";"";"";"";"";"";"";"";"";"";"";"";"";"";"Vulli";"";"";"";"";"";"";"";"";"";"";"Taie";"";"";"Matelas à langer"
"";"";"";"";"";"";"";"";"";"";"";"";"";"";"";"";"";"";"";"";"";"";"";"s.Oliver";"";"";"";"";"";"";"";"";"";"";"Tapis a langer";"";"";"Maxi cosi"
"";"";"";"";"";"";"";"";"";"";"";"";"";"";"";"";"";"";"";"";"";"";"";"";"";"";"";"";"";"";"";"";"";"";"Tapis d'activites";"";"";"Mini-univers"
"";"";"";"";"";"";"";"";"";"";"";"";"";"";"";"";"";"";"";"";"";"";"";"";"";"";"";"";"";"";"";"";"";"";"Tasses";"";"";"Mixeurs-Cuiseurs"
"";"";"";"";"";"";"";"";"";"";"";"";"";"";"";"";"";"";"";"";"";"";"";"";"";"";"";"";"";"";"";"";"";"";"Tour de lit";"";"";"Mobile"
"";"";"";"";"";"";"";"";"";"";"";"";"";"";"";"";"";"";"";"";"";"";"";"";"";"";"";"";"";"";"";"";"";"";"Tricycle";"";"";"Mouche bébé"
"";"";"";"";"";"";"";"";"";"";"";"";"";"";"";"";"";"";"";"";"";"";"";"";"";"";"";"";"";"";"";"";"";"";"Trotteur";"";"";"Mouche-bebes"
"";"";"";"";"";"";"";"";"";"";"";"";"";"";"";"";"";"";"";"";"";"";"";"";"";"";"";"";"";"";"";"";"";"";"Vehicule a pedales";"";"";"Nacelle"
"";"";"";"";"";"";"";"";"";"";"";"";"";"";"";"";"";"";"";"";"";"";"";"";"";"";"";"";"";"";"";"";"";"";"Vehicule electrique";"";"";"Oreiller enfant bébé"
"";"";"";"";"";"";"";"";"";"";"";"";"";"";"";"";"";"";"";"";"";"";"";"";"";"";"";"";"";"";"";"";"";"";"Veilleuse";"";"";"Pantalons et calecons longs"
"";"";"";"";"";"";"";"";"";"";"";"";"";"";"";"";"";"";"";"";"";"";"";"";"";"";"";"";"";"";"";"";"";"";"Ventral";"";"";"Parc en bois pour bébé"
"";"";"";"";"";"";"";"";"";"";"";"";"";"";"";"";"";"";"";"";"";"";"";"";"";"";"";"";"";"";"";"";"";"";"Verre";"";"";"Parc pour bébé"
"";"";"";"";"";"";"";"";"";"";"";"";"";"";"";"";"";"";"";"";"";"";"";"";"";"";"";"";"";"";"";"";"";"";"Verres";"";"";"Pare soleil auto"
"";"";"";"";"";"";"";"";"";"";"";"";"";"";"";"";"";"";"";"";"";"";"";"";"";"";"";"";"";"";"";"";"";"";"Voiture";"";"";"Peluche"
"";"";"";"";"";"";"";"";"";"";"";"";"";"";"";"";"";"";"";"";"";"";"";"";"";"";"";"";"";"";"";"";"";"";"";"";"";"Pese-bebes"
"";"";"";"";"";"";"";"";"";"";"";"";"";"";"";"";"";"";"";"";"";"";"";"";"";"";"";"";"";"";"";"";"";"";"";"";"";"Plan à langer"
"";"";"";"";"";"";"";"";"";"";"";"";"";"";"";"";"";"";"";"";"";"";"";"";"";"";"";"";"";"";"";"";"";"";"";"";"";"Porte bébé"
"";"";"";"";"";"";"";"";"";"";"";"";"";"";"";"";"";"";"";"";"";"";"";"";"";"";"";"";"";"";"";"";"";"";"";"";"";"Porteur"
"";"";"";"";"";"";"";"";"";"";"";"";"";"";"";"";"";"";"";"";"";"";"";"";"";"";"";"";"";"";"";"";"";"";"";"";"";"Pot bébé"
"";"";"";"";"";"";"";"";"";"";"";"";"";"";"";"";"";"";"";"";"";"";"";"";"";"";"";"";"";"";"";"";"";"";"";"";"";"Pot de yaourt"
"";"";"";"";"";"";"";"";"";"";"";"";"";"";"";"";"";"";"";"";"";"";"";"";"";"";"";"";"";"";"";"";"";"";"";"";"";"Pots de toilettes"
"";"";"";"";"";"";"";"";"";"";"";"";"";"";"";"";"";"";"";"";"";"";"";"";"";"";"";"";"";"";"";"";"";"";"";"";"";"Poussette"
"";"";"";"";"";"";"";"";"";"";"";"";"";"";"";"";"";"";"";"";"";"";"";"";"";"";"";"";"";"";"";"";"";"";"";"";"";"Poussette canne"
"";"";"";"";"";"";"";"";"";"";"";"";"";"";"";"";"";"";"";"";"";"";"";"";"";"";"";"";"";"";"";"";"";"";"";"";"";"Produits de toilette"
"";"";"";"";"";"";"";"";"";"";"";"";"";"";"";"";"";"";"";"";"";"";"";"";"";"";"";"";"";"";"";"";"";"";"";"";"";"Protection bébé"
"";"";"";"";"";"";"";"";"";"";"";"";"";"";"";"";"";"";"";"";"";"";"";"";"";"";"";"";"";"";"";"";"";"";"";"";"";"Protège carnet de santé"
"";"";"";"";"";"";"";"";"";"";"";"";"";"";"";"";"";"";"";"";"";"";"";"";"";"";"";"";"";"";"";"";"";"";"";"";"";"Pyjama et nuisette grossesse et allaitement"
"";"";"";"";"";"";"";"";"";"";"";"";"";"";"";"";"";"";"";"";"";"";"";"";"";"";"";"";"";"";"";"";"";"";"";"";"";"Pyjamas, Nuit"
"";"";"";"";"";"";"";"";"";"";"";"";"";"";"";"";"";"";"";"";"";"";"";"";"";"";"";"";"";"";"";"";"";"";"";"";"";"Pèse bébé"
"";"";"";"";"";"";"";"";"";"";"";"";"";"";"";"";"";"";"";"";"";"";"";"";"";"";"";"";"";"";"";"";"";"";"";"";"";"Rehausseur"
"";"";"";"";"";"";"";"";"";"";"";"";"";"";"";"";"";"";"";"";"";"";"";"";"";"";"";"";"";"";"";"";"";"";"";"";"";"Robes"
"";"";"";"";"";"";"";"";"";"";"";"";"";"";"";"";"";"";"";"";"";"";"";"";"";"";"";"";"";"";"";"";"";"";"";"";"";"Robes de bapteme"
"";"";"";"";"";"";"";"";"";"";"";"";"";"";"";"";"";"";"";"";"";"";"";"";"";"";"";"";"";"";"";"";"";"";"";"";"";"Réducteur WC"
"";"";"";"";"";"";"";"";"";"";"";"";"";"";"";"";"";"";"";"";"";"";"";"";"";"";"";"";"";"";"";"";"";"";"";"";"";"Sac isotherme"
"";"";"";"";"";"";"";"";"";"";"";"";"";"";"";"";"";"";"";"";"";"";"";"";"";"";"";"";"";"";"";"";"";"";"";"";"";"Sac à langer"
"";"";"";"";"";"";"";"";"";"";"";"";"";"";"";"";"";"";"";"";"";"";"";"";"";"";"";"";"";"";"";"";"";"";"";"";"";"Sacs isothermes"
"";"";"";"";"";"";"";"";"";"";"";"";"";"";"";"";"";"";"";"";"";"";"";"";"";"";"";"";"";"";"";"";"";"";"";"";"";"Salopettes"
"";"";"";"";"";"";"";"";"";"";"";"";"";"";"";"";"";"";"";"";"";"";"";"";"";"";"";"";"";"";"";"";"";"";"";"";"";"Se deplacer"
"";"";"";"";"";"";"";"";"";"";"";"";"";"";"";"";"";"";"";"";"";"";"";"";"";"";"";"";"";"";"";"";"";"";"";"";"";"Shorts, Pantacourts"
"";"";"";"";"";"";"";"";"";"";"";"";"";"";"";"";"";"";"";"";"";"";"";"";"";"";"";"";"";"";"";"";"";"";"";"";"";"Sieges de bain"
"";"";"";"";"";"";"";"";"";"";"";"";"";"";"";"";"";"";"";"";"";"";"";"";"";"";"";"";"";"";"";"";"";"";"";"";"";"Siège / transat de bain"
"";"";"";"";"";"";"";"";"";"";"";"";"";"";"";"";"";"";"";"";"";"";"";"";"";"";"";"";"";"";"";"";"";"";"";"";"";"Siège auto"
"";"";"";"";"";"";"";"";"";"";"";"";"";"";"";"";"";"";"";"";"";"";"";"";"";"";"";"";"";"";"";"";"";"";"";"";"";"Siège bébé vélo"
"";"";"";"";"";"";"";"";"";"";"";"";"";"";"";"";"";"";"";"";"";"";"";"";"";"";"";"";"";"";"";"";"";"";"";"";"";"Sous-vetements"
"";"";"";"";"";"";"";"";"";"";"";"";"";"";"";"";"";"";"";"";"";"";"";"";"";"";"";"";"";"";"";"";"";"";"";"";"";"Spirale"
"";"";"";"";"";"";"";"";"";"";"";"";"";"";"";"";"";"";"";"";"";"";"";"";"";"";"";"";"";"";"";"";"";"";"";"";"";"Sterilisateurs"
"";"";"";"";"";"";"";"";"";"";"";"";"";"";"";"";"";"";"";"";"";"";"";"";"";"";"";"";"";"";"";"";"";"";"";"";"";"Stérilisateur"
"";"";"";"";"";"";"";"";"";"";"";"";"";"";"";"";"";"";"";"";"";"";"";"";"";"";"";"";"";"";"";"";"";"";"";"";"";"Sucettes"
"";"";"";"";"";"";"";"";"";"";"";"";"";"";"";"";"";"";"";"";"";"";"";"";"";"";"";"";"";"";"";"";"";"";"";"";"";"Table à langer"
"";"";"";"";"";"";"";"";"";"";"";"";"";"";"";"";"";"";"";"";"";"";"";"";"";"";"";"";"";"";"";"";"";"";"";"";"";"Tapis d'éveil"
"";"";"";"";"";"";"";"";"";"";"";"";"";"";"";"";"";"";"";"";"";"";"";"";"";"";"";"";"";"";"";"";"";"";"";"";"";"Tente bébé"
"";"";"";"";"";"";"";"";"";"";"";"";"";"";"";"";"";"";"";"";"";"";"";"";"";"";"";"";"";"";"";"";"";"";"";"";"";"Tenues et ensembles"
"";"";"";"";"";"";"";"";"";"";"";"";"";"";"";"";"";"";"";"";"";"";"";"";"";"";"";"";"";"";"";"";"";"";"";"";"";"Tetines de biberons"
"";"";"";"";"";"";"";"";"";"";"";"";"";"";"";"";"";"";"";"";"";"";"";"";"";"";"";"";"";"";"";"";"";"";"";"";"";"Thermometres de bain"
"";"";"";"";"";"";"";"";"";"";"";"";"";"";"";"";"";"";"";"";"";"";"";"";"";"";"";"";"";"";"";"";"";"";"";"";"";"Thermomètre"
"";"";"";"";"";"";"";"";"";"";"";"";"";"";"";"";"";"";"";"";"";"";"";"";"";"";"";"";"";"";"";"";"";"";"";"";"";"Thermomètre de bain"
"";"";"";"";"";"";"";"";"";"";"";"";"";"";"";"";"";"";"";"";"";"";"";"";"";"";"";"";"";"";"";"";"";"";"";"";"";"Tire lait"
"";"";"";"";"";"";"";"";"";"";"";"";"";"";"";"";"";"";"";"";"";"";"";"";"";"";"";"";"";"";"";"";"";"";"";"";"";"Tire-lait"
"";"";"";"";"";"";"";"";"";"";"";"";"";"";"";"";"";"";"";"";"";"";"";"";"";"";"";"";"";"";"";"";"";"";"";"";"";"Transat bébé"
"";"";"";"";"";"";"";"";"";"";"";"";"";"";"";"";"";"";"";"";"";"";"";"";"";"";"";"";"";"";"";"";"";"";"";"";"";"Transats de bain"
"";"";"";"";"";"";"";"";"";"";"";"";"";"";"";"";"";"";"";"";"";"";"";"";"";"";"";"";"";"";"";"";"";"";"";"";"";"Trousse de soin bébé"
"";"";"";"";"";"";"";"";"";"";"";"";"";"";"";"";"";"";"";"";"";"";"";"";"";"";"";"";"";"";"";"";"";"";"";"";"";"Tétine"
"";"";"";"";"";"";"";"";"";"";"";"";"";"";"";"";"";"";"";"";"";"";"";"";"";"";"";"";"";"";"";"";"";"";"";"";"";"Vaisselle, Couverts"
"";"";"";"";"";"";"";"";"";"";"";"";"";"";"";"";"";"";"";"";"";"";"";"";"";"";"";"";"";"";"";"";"";"";"";"";"";"Verrou"
"";"";"";"";"";"";"";"";"";"";"";"";"";"";"";"";"";"";"";"";"";"";"";"";"";"";"";"";"";"";"";"";"";"";"";"";"";"Vestes"
"";"";"";"";"";"";"";"";"";"";"";"";"";"";"";"";"";"";"";"";"";"";"";"";"";"";"";"";"";"";"";"";"";"";"";"";"";"Visière de bain"
"";"";"";"";"";"";"";"";"";"";"";"";"";"";"";"";"";"";"";"";"";"";"";"";"";"";"";"";"";"";"";"";"";"";"";"";"";"Écoute bébé"
