"Accessoire";"Age";"Age maximum recommande";"Age maximum (unite de mesure)";"Age minimum recommande";"Age minimum (unite de mesure)";"Animation";"Assemblage";"Avertissements de securite";"Caracteristiques";"Catégorie";"Couleur";"Couleur des cheveux";"Déguisement";"Echelle";"Editeur";"Emballage d'origine";"Epoque";"Etat 2";"Evolutif";"Fabricant";"Garantie constructeur";"Garantie Marchand";"Intéractif";"Kit de sécurité";"Lavage en machine";"Lot";"Marque";"Matiere";"Musique";"Nationalite";"Niveau";"Nom";"Nombre de joueurs maximum";"Nombre de pieces";"Objet";"Option";"Poids (g)";"Poids maximum recommande";"Poids maximum (unite de mesure)";"Public";"Qualite";"Radiocommandé";"Rarete";"Sexe";"Sonore, Musical";"Sous-theme";"Sous-type";"Style";"Taille";"Theme";"Traitement anti UV";"Type";"Unite de mesure d'age";"Univers";"Usage";"Veilleuse";"Voie"
"Aimant";"-";"";"";"";"";"-";"-";"";"A peindre";"Air hockey";"-";"-";"";"-";"-";"Emballage d'origine";"-";"-";"Non";"-";"";"";"Non";"Non";"Non";"Lot";"-";"-";"Non";"-";"-";"-";"-";"-";"-";"-";"-";"";"";"Adolescent";"-";"Non";"-";"-";"Sonore, Musical";"-";"-";"";"-";"-";"";"-";"ans";"-";"-";"Non";"-"
"Autre";"0 - 6 mois";"";"";"";"";"Autre";"A assembler";"";"Autre";"Aire de jeux";"Argente";"Autre";"";"1/10";"AEG";"";"Ancien regime";"Neuf";"Oui";"ACE";"";"";"Oui";"Oui";"Oui";"";"Airbus";"ABS";"Oui";"Afghan";"Adultes";"1000 Bornes";"Jusqu'a 10";"1";"Accessoire";"Autre";"10";"";"";"Adulte";"Autre";"Oui";"Assez rare";"Femme";"";"Autre";"1 face";"";"10 ans";"Aeroport";"";"3DS";"mois";"Autre";"Autre";"Oui";"Autre"
"Baguette";"1 an - 3 ans";"";"";"";"";"Electrique, a piles";"Autre";"";"Avec boite originale";"Autre";"Autre";"Blonds";"";"1/12";"Abysse";"";"Antiquite";"Occasion";"";"AJP Maquettes";"";"";"";"";"";"";"Airtronics";"Acrylique";"";"Allemand";"Enfants, Debutants";"Abalone";"Jusqu'a 2";"100";"Accessoires";"Bataille des Cinq Armees";"11.5";"";"";"Enfant";"Bonne, Good";"";"Autre";"Fille";"";"Batman";"10 joueurs";"";"12 ans";"Aeroport, Avions";"";"7 familles";"";"Babar";"De collection";"";"Cremaillere ( z )"
"Balle, Ballon";"10 ans et plus";"";"";"";"";"Mecanique, a cle";"Kit a monter";"";"Carte promotionnelle";"Babyfoot";"Beige";"Bruns";"";"1/125";"Against the Odds";"";"Autre";"";"";"AMT";"";"";"";"";"";"";"Alberon Dolls";"Argile";"";"Americain";"";"Appel du Cthulhu";"Jusqu'a 3";"1000";"Animal";"Battlefleet Gothic";"13.5";"";"";"Famille";"Correcte, Fine";"";"Commune";"Garcon";"";"Cendrillon";"100";"";"14 ans";"Animal";"";"Accessoire";"";"Barbie";"De collection Reborn";"";"Etroite ( e )"
"Billes";"3 ans - 5 ans";"";"";"";"";"Motorise";"Kit monte";"";"Collection, Serie";"Billards";"Blanc";"Noirs";"";"1/14";"Alea";"";"Conquetes coloniales";"";"";"Aeromod";"";"";"";"";"";"";"Alfa Romeo";"Argile polymerisee";"";"Australien";"";"Attrap' Souris";"Jusqu'a 4";"10000";"Autre";"Betes du chaos";"14";"";"";"Premier âge";"Excellente";"";"Decalee dans le temps";"Homme";"";"Peter Pan";"150";"";"16 ans";"Animal, Nature";"";"Accessoire 3DS";"";"Batman";"Pour enfant";"";"Forestiaire ( f )"
"Boitier";"5 ans - 8 ans";"";"";"";"";"Motorise et radiocommande";"Pre-assemble";"";"Edition collector (plus de 35 000)";"Cartes à collectionner";"Bleu";"Roux";"";"1/144";"Amigo";"";"Contemporain";"";"";"Air Loisir";"";"";"";"";"";"";"Alter";"Autre";"";"Autre";"";"Autre";"Jusqu'a 5";"1200";"Avion";"Blood Bowl";"De 7 a 9";"";"";"";"Mauvaise, Poor";"";"Epique";"Mixte";"";"Power Rangers";"2 faces, Reversible";"";"4 ans";"Armee";"";"Accessoire : Batteur de cartes";"";"Ben 10";"Pour poupee mannequin";"";"Metrique ( m )"
"Boule de cristal";"6 mois - 1 an";"";"";"";"";"Radiocommande";"";"";"Edition limitee (moins de 35 000)";"Cartes à jouer";"Bordeaux";"";"";"1/16";"Arplay";"";"I (De 1832 a 1925)";"";"";"Aires";"";"";"";"";"";"";"Anne Geddes";"Biscuit";"";"Autrichien";"";"Aventuriers du Rail";"Jusqu'a 6";"150";"Bateau";"Bretonnie";"Moins de 7";"";"";"";"Tres bonne, Near mint";"";"Holo";"Unisexe";"";"Spiderman";"200";"";"6 ans";"Art, Peinture";"";"Accessoire : Porte-cartes";"";"Blanche neige";"Pour poupee, poupon";"";""
"Cigarette";"8 ans - 10 ans";"";"";"";"";"Statique";"";"";"Emballage d'origine ouvert";"Console";"Bronze";"";"";"1/18";"Arplay Editions";"";"II (De 1926 a 1945)";"";"";"Airfix";"";"";"";"";"";"";"Apole";"Bois";"";"Britannique";"";"Awele";"Jusqu'a 7";"1500";"Batiment";"Chaos";"Plus de 14";"";"";"";"";"";"Legendaire";"";"";"Star Wars";"200 jetons";"";"8 ans";"Arts martiaux";"";"Accessoire : Sabot";"";"Bratz";"";"";""
"Craie";"A partir de 8 ans";"";"";"";"";"";"";"";"Emballage d'origine scelle";"Consoles éducatives";"Creme";"";"";"1/20";"Asmodee Editions";"";"III (De 1946 a 1970)";"";"";"Airtech";"";"";"";"";"";"";"Armand Marseille";"Carton";"";"Canadien";"";"Backgammon";"Jusqu'a 8";"1800";"Batiment, Maison";"Chasseurs de demons";"";"";"";"";"";"";"Peu commune";"";"";"Superman";"25";"";"L";"Astronaute";"";"Accessoire de decor";"";"Cars";"";"";""
"Foulard";"Adulte";"";"";"";"";"";"";"";"Format bridge";"Doudous";"Dore";"";"";"1/22";"Atlas games";"";"IV (De 1971 a 1990)";"";"";"Altaya";"";"";"";"";"";"";"Arnold";"Celluloid";"";"Chinois";"";"Barbie";"Jusqu'a 9";"18000";"Camion";"Chasseurs de sorcieres";"";"";"";"";"";"";"Rare";"";"";"Zorro";"300";"";"M";"Autre";"";"Accessoire de poker";"";"Charlotte aux Fraises";"";"";""
"Gant";"De 3 a 4";"";"";"";"";"";"";"";"Format poker";"Figurines d'action";"Gris";"";"";"1/24";"Australian Design Group";"";"Moyen Age";"";"";"Aludo";"";"";"";"";"";"";"Aroutcheff";"Cire";"";"Egyptien";"";"Bella";"Plus de 10";"2";"Engin de chantier";"Comtes vampires";"";"";"";"";"";"";"Secret rare";"";"";"";"300 jetons";"";"Moins de 4 ans";"Aventure";"";"Accessoire, Piece detachee";"";"Disney Princesse";"";"";""
"Gobelet";"De 5 a 7";"";"";"";"";"";"";"";"Haute-couture";"Garages";"Jaune";"";"";"1/25";"Autre";"";"Premier Empire";"";"";"Amati";"";"";"";"";"";"";"Artin";"Cuivre";"";"Espagnol";"";"Betty Boop";"Solitaire";"200";"Helicoptere";"Eldars";"";"";"";"";"";"";"Super rare";"";"";"";"3D";"";"S";"Aventure, Action";"";"Accessoires Nintendo DS";"";"Docteur La Peluche";"";"";""
"Housse";"De 8 a 11";"";"";"";"";"";"";"";"Interactive";"Instruments de musique";"Marron";"";"";"1/26";"Avalanche presse Ltd";"";"Premiere Guerre mondiale";"";"";"Artesania";"";"";"";"";"";"";"Artitec models";"Depron";"";"Francais";"";"Bohnanza";"";"2000";"Lot thematique";"Eldars Noirs";"";"";"";"";"";"";"Terrain de base";"";"";"";"400";"";"Taille unique";"BD";"";"Accessoires Nintendo DSi";"";"Dora l'exploratrice";"";"";""
"Piece";"Jusqu'a 8 ans";"";"";"";"";"";"";"";"Jouable en duel";"Jeux d'imitation";"Multicolore";"";"";"1/30";"Avalon Hill";"";"Revolution";"";"";"Artitec models";"";"";"";"";"";"";"Associated";"EPP";"";"Grec";"";"Bonne Paye";"";"250";"Monument";"Elfes noirs";"";"";"";"";"";"";"Ultimate";"";"";"";"400 jetons";"";"XL";"Bebe";"";"Accessoires PS Vita";"";"Dragon Ball";"";"";""
"Queue";"Moins de 2";"";"";"";"";"";"";"";"Jouable en tournoi";"Jeux de construction";"Noir";"";"";"1/32";"Bandai";"";"Second Empire";"";"";"Atlantic";"";"";"";"";"";"";"Aston Martin";"Etain a peindre";"";"Hindou";"";"Bonne Paye Voyage";"";"2500";"Moto";"Elfes sylvains";"";"";"";"";"";"";"Ultra rare";"";"";"";"50";"";"XS";"Bella Sara";"";"Accessoires PS2";"";"Furby";"";"";""
"Tapis";"Plus de 12";"";"";"";"";"";"";"";"Jumbo index";"Jeux de société";"Orange";"";"";"1/34";"Bioviva";"";"Seconde Guerre mondiale";"";"";"Atlas";"";"";"";"";"";"";"Attakus";"Etain peint";"";"Indien d'Amerique";"";"Bratz";"";"3";"Personnage";"Epic 40000";"";"";"";"";"";"";"";"";"";"";"500";"";"XXL";"Belle Epoque";"";"Accessoires PS3";"";"Gormiti";"";"";""
"Triangle";"Pour adolescents, adultes";"";"";"";"";"";"";"";"Militaire";"Jeux scientifiques";"Rose";"";"";"1/35";"Black Books";"";"V (1991 et apres)";"";"";"Auto Art";"";"";"";"";"";"";"Audi";"Feutre";"";"Italien";"";"COPS";"";"300";"Piece detachee : Brique, Plaque, Tige";"Fimir";"";"";"";"";"";"";"";"";"";"";"500 jetons";"";"XXS";"Boutique, Shopping";"";"Accessoires PSP";"";"Hannah Montana";"";"";""
"";"Pour juniors, de 5 a 12 ans";"";"";"";"";"";"";"";"Numerote";"Jouets de bain";"Rouge";"";"";"1/4";"Blackrock Editions";"";"";"";"";"Autre";"";"";"";"";"";"";"Austin";"Feutrine";"";"Japonais";"";"Carcassone";"";"3000";"Piece detachee : Connecteur";"Garde Imperiale";"";"";"";"";"";"";"";"";"";"";"8 joueurs";"";"";"Buffy";"";"Accessoires WII";"";"Hello Kitty !";"";"";""
"";"Pour les tout-petits, de 0 a 5 ans";"";"";"";"";"";"";"";"Plastifiees";"Jouets radio-commandés";"Transparent";"";"";"1/400";"Buki";"";"";"";"";"BMI Models";"";"";"";"";"";"";"Autorail";"Fibre de mais";"";"Mexicain";"";"Cathie";"";"350";"Piece detachee : Element";"Hauts elfes";"";"";"";"";"";"";"";"";"";"";"9 joueurs";"";"";"Call of Cthulhu";"";"Accessoires XBOX";"";"High School Musical";"";"";""
"";"Pour tous";"";"";"";"";"";"";"";"Poupee d'artiste";"Lecteur CD";"Turquoise";"";"";"1/43";"Caravelle Editions";"";"";"";"";"Bang";"";"";"";"";"";"";"Autre";"Laine";"";"Polonais";"";"Charlotte aux Fraises";"";"3500";"Piece detachee : Engrenage";"HeroQuest";"";"";"";"";"";"";"";"";"";"";"A pedales";"";"";"Campagne";"";"Accessoires XBOX 360";"";"Indiana Jones";"";"";""
"";"Tous âges";"";"";"";"";"";"";"";"Premium, Foil";"Lecteur CD, MP3, réveil, console";"Vert";"";"";"1/48";"Clementoni";"";"";"";"";"Berliet";"";"";"";"";"";"";"Aviator";"Laiton";"";"Prussien";"";"Cindy";"";"4";"Piece detachee : Moteur";"Hommes lezards";"";"";"";"";"";"";"";"";"";"";"A pousser";"";"";"Carnaval";"";"Accessoires baby foot";"";"Jake Le Pirate";"";"";""
"";"";"";"";"";"";"";"";"";"Proxy";"Lego";"Violet";"";"";"1/5";"Copsi";"";"";"";"";"Billing Boats";"";"";"";"";"";"";"Avioracing";"Metal";"";"Punjabi";"";"Citadelles";"";"4000";"Piece detachee : Roue";"Hordes du chaos";"";"";"";"";"";"";"";"";"";"";"Accessoire";"";"";"Chantier";"";"Accessoires billard";"";"Kung Fu Panda";"";"";""
"";"";"";"";"";"";"";"";"";"Radiocommande";"Loisirs créatifs";"";"";"";"1/50";"Days of Wonder";"";"";"";"";"Britains";"";"";"";"";"";"";"BJD";"Mousse";"";"Romain";"";"Cluedo";"";"5";"Plaque support";"Inquisitor";"";"";"";"";"";"";"";"";"";"";"Accessoire paysager";"";"";"Chantier de construction";"";"Accessoires de fête";"";"Kung Zhu Pets";"";"";""
"";"";"";"";"";"";"";"";"";"Version francaise";"MP3";"";"";"";"1/500";"Descartes";"";"";"";"";"Brooklin";"";"";"";"";"";"";"BMW";"Papier mache";"";"Russe";"";"Cluedo Voyage";"";"50";"Robot";"L'Empire";"";"";"";"";"";"";"";"";"";"";"Accessoire vestimentaire";"";"";"Chateau, Chevalier";"";"Accessoires jeux";"";"La maison de Mickey";"";"";""
"";"";"";"";"";"";"";"";"";"Version originale";"Maisonnettes";"";"";"";"1/55";"Djeco";"";"";"";"";"Brumm";"";"";"";"";"";"";"Babar";"Peluche";"";"Soudanais";"";"Coffret multi-jeux";"";"500";"Tracteur";"Man O'War";"";"";"";"";"";"";"";"";"";"";"Accordeon";"";"";"Chevaliers, Moyen-Age";"";"Accumulateur";"";"Lego";"";"";""
"";"";"";"";"";"";"";"";"";"";"Mini-univers";"";"";"";"1/6";"Dujardin";"";"";"";"";"Burago";"";"";"";"";"";"";"Bachmann";"Plastifiee(s)";"";"Suisse";"";"Colons de Catane";"";"5000";"Train";"Mercenaires";"";"";"";"";"";"";"";"";"";"";"Alfa Romeo";"";"";"Cinema";"";"Activite";"";"Littlest Pet Shop";"";"";""
"";"";"";"";"";"";"";"";"";"";"Ordi junior";"";"";"";"1/64";"Filosofia";"";"";"";"";"CBG Mignot";"";"";"";"";"";"";"Barbie";"Plastique";"";"Zoulou";"";"Confrontation";"";"5000 pièces et plus";"Vaisseau, Fusee";"Mordheim";"";"";"";"";"";"";"";"";"";"";"Américain";"";"";"Cinema, Dessin anime";"";"Aerien";"";"Max Steel";"";"";""
"";"";"";"";"";"";"";"";"";"";"Peluches";"";"";"";"1/65";"Gigamic";"";"";"";"";"Cararama &amp; Hongwell";"";"";"";"";"";"";"Batman";"Plastique a peindre";"";"";"";"Cranium";"";"6";"Vehicule";"Nains";"";"";"";"";"";"";"";"";"";"";"Animal";"";"";"Cinema, Film";"";"Air-hockey, Baby-hockey";"";"Maya";"";"";""
"";"";"";"";"";"";"";"";"";"";"Peluches interactives";"";"";"";"1/66";"Haba";"";"";"";"";"Charbens";"";"";"";"";"";"";"Bayko";"Plastique peint";"";"";"";"Dames";"";"6000";"Voiture";"Necromunda";"";"";"";"";"";"";"";"";"";"";"Animal de la ferme";"";"";"Cirque";"";"Aire de jeux";"";"Minnie";"";"";""
"";"";"";"";"";"";"";"";"";"";"Playmobil";"";"";"";"1/7";"Hasbro";"";"";"";"";"Cherilea";"";"";"";"";"";"";"Bee";"Plastique, Caoutchouc";"";"";"";"Des Chiffres et des Lettres";"";"650";"";"Necrons";"";"";"";"";"";"";"";"";"";"";"Animal de la savane";"";"";"Clown";"";"Alimentation, Transformateur";"";"Mission G";"";"";""
"";"";"";"";"";"";"";"";"";"";"Porteurs";"";"";"";"1/72";"Hexasim";"";"";"";"";"Cij";"";"";"";"";"";"";"Ben 10";"Platre";"";"";"";"Dix de chute";"";"750";"";"Orques et Gobelins";"";"";"";"";"";"";"";"";"";"";"Animal marin";"";"";"Comics, Super-Heros";"";"Animal";"";"Mon Petit Poney";"";"";""
"";"";"";"";"";"";"";"";"";"";"Portiques";"";"";"";"1/76";"Inconnu";"";"";"";"";"Clairet";"";"";"";"";"";"";"Berchet";"Plomb";"";"";"";"Docteur Maboul";"";"80";"";"Orques, Orks";"";"";"";"";"";"";"";"";"";"";"Animal sauvage";"";"";"Costume traditionnel";"";"Arche de jeux";"";"Monster High";"";"";""
"";"";"";"";"";"";"";"";"";"";"Poupons";"";"";"";"1/8";"Jeux F.K";"";"";"";"";"Code 3";"";"";"";"";"";"";"Bicycle";"Plomb a peindre";"";"";"";"Docteur Maboul Voyage";"";"900";"";"Rois des tombes";"";"";"";"";"";"";"";"";"";"";"Anneaux";"";"";"Course";"";"Art";"";"Novi Stars";"";"";""
"";"";"";"";"";"";"";"";"";"";"Poupées mannequin";"";"";"";"1/87";"Kosmos";"";"";"";"";"Conrad NZG";"";"";"";"";"";"";"Blanche neige";"Plomb peint";"";"";"";"Dominos";"";"9000";"";"Royaumes Ogres";"";"";"";"";"";"";"";"";"";"";"Arc";"";"";"Cowboy";"";"Artillerie";"";"Oui-oui";"";"";""
"";"";"";"";"";"";"";"";"";"";"Premiers jouets";"";"";"";"1/9";"Lansay";"";"";"";"";"Constructo";"";"";"";"";"";"";"Blythe";"Polypropene";"";"";"";"Donjons &amp; Dragons";"";"Autre";"";"Skaven";"";"";"";"";"";"";"";"";"";"";"Aston Martin";"";"";"Dessin Anime";"";"Automate";"";"Petshop";"";"";""
"";"";"";"";"";"";"";"";"";"";"Robots";"";"";"";"1:100 (18mm)";"Legler";"";"";"";"";"Corel";"";"";"";"";"";"";"Boeing";"Polystyrene";"";"";"";"Dora";"";"De 100 à 249 pièces";"";"Space Marines";"";"";"";"";"";"";"";"";"";"";"Astres d'Or";"";"";"Dessins animes";"";"Automobile";"";"Pirate des Caraïbes";"";"";""
"";"";"";"";"";"";"";"";"";"";"Rollers";"";"";"";"1:160 (11mm)";"MB";"";"";"";"";"Corgi";"";"";"";"";"";"";"Bonzini";"Porcelaine";"";"";"";"Dungeon Twister";"";"De 1000 à 2999 pièces";"";"Space marines";"";"";"";"";"";"";"";"";"";"";"Audi";"";"";"Disco";"";"Autre";"";"Playmobil";"";"";""
"";"";"";"";"";"";"";"";"";"";"Réveil";"";"";"";"1:18 (105mm)";"MB jeux";"";"";"";"";"Crescent";"";"";"";"";"";"";"Bowen";"Resine";"";"";"";"Echecs";"";"De 20 à 49 pièces";"";"Tau";"";"";"";"";"";"";"";"";"";"";"Autre";"";"";"Docteur";"";"Avion";"";"Pokemon";"";"";""
"";"";"";"";"";"";"";"";"";"";"Tapis";"";"";"";"1:200 (9mm)";"Mattel";"";"";"";"";"Del Prado";"";"";"";"";"";"";"Bratz";"Rhodoid";"";"";"";"Exalted";"";"De 250 à 499 pièces";"";"Tyranides";"";"";"";"";"";"";"";"";"";"";"Autre jeu";"";"";"Doctor Who";"";"Baby foot";"";"Poli Robocar";"";"";""
"";"";"";"";"";"";"";"";"";"";"Toboggans";"";"";"";"1:22,5 (75mm)";"Mega Bleu";"";"";"";"";"Dinky Toys";"";"";"";"";"";"";"Brawa";"Suedine";"";"";"";"Gege";"";"De 3000 à 4999 pièces";"";"Warhammer Quest";"";"";"";"";"";"";"";"";"";"";"Autre vetement";"";"";"Dragon Ball Z";"";"Baby-foot";"";"Polly Pocket";"";"";""
"";"";"";"";"";"";"";"";"";"";"Trampolines";"";"";"";"1:220 (8mm)";"Milton Bradley";"";"";"";"";"Dragon";"";"";"";"";"";"";"Brio";"Terre cuite";"";"";"";"Go";"";"De 50 à 99 pièces";"";"Warmachine";"";"";"";"";"";"";"";"";"";"";"Avion";"";"";"Duel Masters";"";"Bac à sable";"";"Power Rangers";"";"";""
"";"";"";"";"";"";"";"";"";"";"Tricycles";"";"";"";"1:32 (60mm)";"Nathan";"";"";"";"";"EFE";"";"";"";"";"";"";"Britains";"Tissu";"";"";"";"Goliath";"";"De 500 à 999 pièces";"";"Warmaster";"";"";"";"";"";"";"";"";"";"";"BMW";"";"";"Enfant";"";"Badminton";"";"Pucca";"";"";""
"";"";"";"";"";"";"";"";"";"";"Trotinettes";"";"";"";"1:43 (40mm)";"Ouaps";"";"";"";"";"ERTL";"";"";"";"";"";"";"Bru";"Toile";"";"";"";"Hawkmoon";"";"Jusqu'à 19 pièces";"";"";"";"";"";"";"";"";"";"";"";"";"Baby-foot";"";"";"Equitation";"";"Balançoire";"";"Ratatouille";"";"";""
"";"";"";"";"";"";"";"";"";"";"Trotteurs";"";"";"";"1:50 (35mm)";"Paille Editions";"";"";"";"";"Eagle";"";"";"";"";"";"";"Bugatti";"Tole";"";"";"";"HeroClix";"";"Moins de 50";"";"";"";"";"";"";"";"";"";"";"";"";"Bac a sable";"";"";"Espace";"";"Balle, Ballon";"";"Robocar Poli";"";"";""
"";"";"";"";"";"";"";"";"";"";"Veilleuses";"";"";"";"1:72 (25mm)";"Parker";"";"";"";"";"Ebbro";"";"";"";"";"";"";"Buggy";"Velours";"";"";"";"Jenga";"";"Plus de 6";"";"";"";"";"";"";"";"";"";"";"";"";"Bain, Lange";"";"";"Fantastique";"";"Ballon";"";"Shrek";"";"";""
"";"";"";"";"";"";"";"";"";"";"Véhicules";"";"";"";"1:87 (20mm)";"Ravensburger";"";"";"";"";"Elastolin";"";"";"";"";"";"";"Buick";"";"";"";"";"Jeu de l'Oie";"";"";"";"";"";"";"";"";"";"";"";"";"";"";"Balancoire";"";"";"Fee";"";"Ballon dirigeable";"";"Simpson's";"";"";""
"";"";"";"";"";"";"";"";"";"";"Vélos";"";"";"";"Autre";"Scribabs";"";"";"";"";"Eligor";"";"";"";"";"";"";"Busch";"";"";"";"";"Jungle Speed";"";"";"";"";"";"";"";"";"";"";"";"";"";"";"Ball";"";"";"Ferme";"";"Ballon sauteur";"";"Speed Racer";"";"";""
"";"";"";"";"";"";"";"";"";"";"";"";"";"";"HO (1/87)";"Stratagemes Editions";"";"";"";"";"Esci";"";"";"";"";"";"";"CEN";"";"";"";"";"Junta";"";"";"";"";"";"";"";"";"";"";"";"";"";"";"Balles";"";"";"Fete";"";"Bateau";"";"Spiderman";"";"";""
"";"";"";"";"";"";"";"";"";"";"";"";"";"";"I (1/32)";"TF1 Games";"";"";"";"";"Exoto";"";"";"";"";"";"";"Cadillac";"";"";"";"";"Ken";"";"";"";"";"";"";"";"";"";"";"";"";"";"";"Balles en liege";"";"";"Fleur, Jardin";"";"Bateau, Navire";"";"Star Wars";"";"";""
"";"";"";"";"";"";"";"";"";"";"";"";"";"";"II (1/22,5)";"Tilsit";"";"";"";"";"Faller";"";"";"";"";"";"";"Capsela";"";"";"";"";"Le Retour des Dieux";"";"";"";"";"";"";"";"";"";"";"";"";"";"";"Balles en plastique";"";"";"Gothique, Horreur";"";"Batiment";"";"Superman";"";"";""
"";"";"";"";"";"";"";"";"";"";"";"";"";"";"Mini z";"Ubik";"";"";"";"";"Fleischmann";"";"";"";"";"";"";"Carrera";"";"";"";"";"Le Seigneur des Anneaux";"";"";"";"";"";"";"";"";"";"";"";"";"";"";"Barbe, Moustache";"";"";"Halloween";"";"Batiment, Chateau";"";"The Clone Wars";"";"";""
"";"";"";"";"";"";"";"";"";"";"";"";"";"";"Moins de 1/64";"University Games";"";"";"";"";"France Maquettes";"";"";"";"";"";"";"Cars";"";"";"";"";"Loups-Garous de Thiercelieux";"";"";"";"";"";"";"";"";"";"";"";"";"";"";"Bateau";"";"";"Harry Potter";"";"Batonnets magnetiques";"";"Tortues Ninja";"";"";""
"";"";"";"";"";"";"";"";"";"";"";"";"";"";"N (1/160)";"VTECH";"";"";"";"";"Franklin Mint";"";"";"";"";"";"";"Cartamundi";"";"";"";"";"Mah Jong";"";"";"";"";"";"";"";"";"";"";"";"";"";"";"Bateau, Navire";"";"";"Hawaii";"";"Batterie";"";"Totally Spies";"";"";""
"";"";"";"";"";"";"";"";"";"";"";"";"";"";"O (1/43,5)";"Vilac";"";"";"";"";"Fulgurex";"";"";"";"";"";"";"Charlotte aux Fraises";"";"";"";"";"Mastermind";"";"";"";"";"";"";"";"";"";"";"";"";"";"";"Baton du diable";"";"";"Heroic Fantasy, Feerique";"";"Batterie électronique";"";"Toy Story";"";"";""
"";"";"";"";"";"";"";"";"";"";"";"";"";"";"OO (1/76)";"Winning Moves";"";"";"";"";"Futaba";"";"";"";"";"";"";"Chevrolet";"";"";"";"";"Mastermind Voyage";"";"";"";"";"";"";"";"";"";"";"";"";"";"";"Batterie";"";"";"Histoire";"";"Berceau poupon";"";"Transformers";"";"";""
"";"";"";"";"";"";"";"";"";"";"";"";"";"";"Plus de 1/24";"Ystari";"";"";"";"";"GWS";"";"";"";"";"";"";"Chrysler";"";"";"";"";"MechWarrior";"";"";"";"";"";"";"";"";"";"";"";"";"";"";"Bebe fille";"";"";"Humour";"";"Bilboquet";"";"Tut Tut Bolides";"";"";""
"";"";"";"";"";"";"";"";"";"";"";"";"";"";"S (1/64)";"Zoch";"";"";"";"";"Gama";"";"";"";"";"";"";"Citroen";"";"";"";"";"Memory";"";"";"";"";"";"";"";"";"";"";"";"";"";"";"Bebe garcon";"";"";"Indien";"";"Billard";"";"WWE";"";"";""
"";"";"";"";"";"";"";"";"";"";"";"";"";"";"TT (1/120)";"";"";"";"";"";"Graupner";"";"";"";"";"";"";"Clayz";"";"";"";"";"Menteur";"";"";"";"";"";"";"";"";"";"";"";"";"";"";"Bifurcation";"";"";"Infirmiere";"";"Billard : Craie, Bleu";"";"Wall-E";"";"";""
"";"";"";"";"";"";"";"";"";"";"";"";"";"";"Z (1/220)";"";"";"";"";"";"Hasegawa";"";"";"";"";"";"";"Clipo";"";"";"";"";"Monopoly";"";"";"";"";"";"";"";"";"";"";"";"";"";"";"Bijou";"";"";"Jeu video";"";"Billard : Housse, Etui";"";"Winnie";"";"";""
"";"";"";"";"";"";"";"";"";"";"";"";"";"";"";"";"";"";"";"";"Heller";"";"";"";"";"";"";"Clodrey";"";"";"";"";"Mr. Jack";"";"";"";"";"";"";"";"";"";"";"";"";"";"";"Bijou, Montre";"";"";"Legende des 5 Anneaux";"";"Billard : Porte-queues";"";"Winx";"";"";""
"";"";"";"";"";"";"";"";"";"";"";"";"";"";"";"";"";"";"";"";"Herpa";"";"";"";"";"";"";"Collectoys";"";"";"";"";"Perudo";"";"";"";"";"";"";"";"";"";"";"";"";"";"";"Bijoux";"";"";"Magic l'Assemblee, MTG";"";"Billard : Queues";"";"Yu-Gi-Oh";"";"";""
"";"";"";"";"";"";"";"";"";"";"";"";"";"";"";"";"";"";"";"";"High Speed";"";"";"";"";"";"";"Concorde";"";"";"";"";"Pictionnary";"";"";"";"";"";"";"";"";"";"";"";"";"";"";"Billard";"";"";"Maison";"";"Billard : Triangle";"";"Zhu Zhu Pets";"";"";""
"";"";"";"";"";"";"";"";"";"";"";"";"";"";"";"";"";"";"";"";"Historex";"";"";"";"";"";"";"Convert";"";"";"";"";"Poupees Russes";"";"";"";"";"";"";"";"";"";"";"";"";"";"";"Black Box";"";"";"Manga, Japanim";"";"Billard americain";"";"Zorro";"";"";""
"";"";"";"";"";"";"";"";"";"";"";"";"";"";"";"";"";"";"";"";"Hitec";"";"";"";"";"";"";"Copag";"";"";"";"";"Puerto Rico";"";"";"";"";"";"";"";"";"";"";"";"";"";"";"Bois";"";"";"Marvel";"";"Billard anglais, 8 Pool";"";"";"";"";""
"";"";"";"";"";"";"";"";"";"";"";"";"";"";"";"";"";"";"";"";"Hornby";"";"";"";"";"";"";"Corolle";"";"";"";"";"Puissance 4";"";"";"";"";"";"";"";"";"";"";"";"";"";"";"Boite de rangement";"";"";"Mer, Ocean";"";"Billard francais";"";"";"";"";""
"";"";"";"";"";"";"";"";"";"";"";"";"";"";"";"";"";"";"";"";"Hot Wheels";"";"";"";"";"";"";"Cox";"";"";"";"";"Puissance 4 Voyage";"";"";"";"";"";"";"";"";"";"";"";"";"";"";"Booster";"";"";"Metier";"";"Billard russe";"";"";"";"";""
"";"";"";"";"";"";"";"";"";"";"";"";"";"";"";"";"";"";"";"";"Humbrol";"";"";"";"";"";"";"DC Direct";"";"";"";"";"Pullip";"";"";"";"";"";"";"";"";"";"";"";"";"";"";"Bordure";"";"";"Montagne";"";"Billard snooker";"";"";"";"";""
"";"";"";"";"";"";"";"";"";"";"";"";"";"";"";"";"";"";"";"";"Ikarus";"";"";"";"";"";"";"Dal Negro";"";"";"";"";"Pyramide";"";"";"";"";"";"";"";"";"";"";"";"";"";"";"Bouton Dealer";"";"";"Monument, Architecture";"";"Billes";"";"";"";"";""
"";"";"";"";"";"";"";"";"";"";"";"";"";"";"";"";"";"";"";"";"Italeri";"";"";"";"";"";"";"Dassault";"";"";"";"";"Questions pour un Champion";"";"";"";"";"";"";"";"";"";"";"";"";"";"";"Bras";"";"";"Musique";"";"Boa, Plumes";"";"";"";"";""
"";"";"";"";"";"";"";"";"";"";"";"";"";"";"";"";"";"";"";"";"Ixo";"";"";"";"";"";"";"Decotoys";"";"";"";"";"Qui est-ce?";"";"";"";"";"";"";"";"";"";"";"";"";"";"";"Bus";"";"";"Naruto";"";"Boite de rangement";"";"";"";"";""
"";"";"";"";"";"";"";"";"";"";"";"";"";"";"";"";"";"";"";"";"Jada";"";"";"";"";"";"";"Deluxe Vegas";"";"";"";"";"Qui veut gagner des Millions?";"";"";"";"";"";"";"";"";"";"";"";"";"";"";"Buste";"";"";"Nature";"";"Boomerang";"";"";"";"";""
"";"";"";"";"";"";"";"";"";"";"";"";"";"";"";"";"";"";"";"";"Joal";"";"";"";"";"";"";"Demons et Merveilles";"";"";"";"";"Richesses du Monde";"";"";"";"";"";"";"";"";"";"";"";"";"";"";"Cabane, Tente";"";"";"Noel";"";"Borne d'arcade";"";"";"";"";""
"";"";"";"";"";"";"";"";"";"";"";"";"";"";"";"";"";"";"";"";"Johnny Lightning";"";"";"";"";"";"";"Dinky Toys";"";"";"";"";"Risk";"";"";"";"";"";"";"";"";"";"";"";"";"";"";"Camion";"";"";"Panini";"";"Borne d'arcade : Piece detachee";"";"";"";"";""
"";"";"";"";"";"";"";"";"";"";"";"";"";"";"";"";"";"";"";"";"Joustra";"";"";"";"";"";"";"Disney";"";"";"";"";"Rubik's Cube";"";"";"";"";"";"";"";"";"";"";"";"";"";"";"Camion, Utilitaire";"";"";"Pilote, Hotesse";"";"Boules de petanque";"";"";"";"";""
"";"";"";"";"";"";"";"";"";"";"";"";"";"";"";"";"";"";"";"";"Kentoys";"";"";"";"";"";"";"Disney Princesse";"";"";"";"";"Rummikub";"";"";"";"";"";"";"";"";"";"";"";"";"";"";"Camping car, Van";"";"";"Pin-up";"";"Bouée";"";"";"";"";""
"";"";"";"";"";"";"";"";"";"";"";"";"";"";"";"";"";"";"";"";"Kiade";"";"";"";"";"";"";"Djeco";"";"";"";"";"Runequest";"";"";"";"";"";"";"";"";"";"";"";"";"";"";"Car Wars";"";"";"Pirate";"";"Boîte cadeau";"";"";"";"";""
"";"";"";"";"";"";"";"";"";"";"";"";"";"";"";"";"";"";"";"";"King &amp; Country";"";"";"";"";"";"";"Docteur La Peluche";"";"";"";"";"Scene it";"";"";"";"";"";"";"";"";"";"";"";"";"";"";"Carrosserie";"";"";"Pirates";"";"Boîte à formes";"";"";"";"";""
"";"";"";"";"";"";"";"";"";"";"";"";"";"";"";"";"";"";"";"";"Kyosho";"";"";"";"";"";"";"Dodge";"";"";"";"";"Scrabble";"";"";"";"";"";"";"";"";"";"";"";"";"";"";"Carte de coupe";"";"";"Pokemon";"";"Briques, Blocs";"";"";"";"";""
"";"";"";"";"";"";"";"";"";"";"";"";"";"";"";"";"";"";"";"";"Lemaco";"";"";"";"";"";"";"Dora l'exploratrice";"";"";"";"";"Seigneur des Anneaux";"";"";"";"";"";"";"";"";"";"";"";"";"";"";"Castagnettes";"";"";"Police";"";"Bus";"";"";"";"";""
"";"";"";"";"";"";"";"";"";"";"";"";"";"";"";"";"";"";"";"";"Lledo";"";"";"";"";"";"";"Dragon Ball";"";"";"";"";"Shadowrun";"";"";"";"";"";"";"";"";"";"";"";"";"";"";"Casus Belli";"";"";"Policier";"";"Buste";"";"";"";"";""
"";"";"";"";"";"";"";"";"";"";"";"";"";"";"";"";"";"";"";"";"Lone Star";"";"";"";"";"";"";"Dragon Racing";"";"";"";"";"Solo";"";"";"";"";"";"";"";"";"";"";"";"";"";"";"Ceinture";"";"";"Pompier";"";"But de foot";"";"";"";"";""
"";"";"";"";"";"";"";"";"";"";"";"";"";"";"";"";"";"";"";"";"Lot";"";"";"";"";"";"";"Dragonfly";"";"";"";"";"Star Wars";"";"";"";"";"";"";"";"";"";"";"";"";"";"";"Chambre";"";"";"Pompiers";"";"Cabane";"";"";"";"";""
"";"";"";"";"";"";"";"";"";"";"";"";"";"";"";"";"";"";"";"";"Maisto";"";"";"";"";"";"";"Dubro";"";"";"";"";"Sudoku";"";"";"";"";"";"";"";"";"";"";"";"";"";"";"Char";"";"";"Port, Bateaux";"";"Cable";"";"";"";"";""
"";"";"";"";"";"";"";"";"";"";"";"";"";"";"";"";"";"";"";"";"Majorette";"";"";"";"";"";"";"Duplo";"";"";"";"";"Taboo";"";"";"";"";"";"";"";"";"";"";"";"";"";"";"Chargeur";"";"";"Princesse";"";"Calcul";"";"";"";"";""
"";"";"";"";"";"";"";"";"";"";"";"";"";"";"";"";"";"";"";"";"Matchbox";"";"";"";"";"";"";"Duratrax";"";"";"";"";"Time's Up";"";"";"";"";"";"";"";"";"";"";"";"";"";"";"Chassis";"";"";"Publicite";"";"Calendrier";"";"";"";"";""
"";"";"";"";"";"";"";"";"";"";"";"";"";"";"";"";"";"";"";"";"Matchbox, Lesney";"";"";"";"";"";"";"Electrotren";"";"";"";"";"Topword";"";"";"";"";"";"";"";"";"";"";"";"";"";"";"Chat";"";"";"Religion";"";"Camion";"";"";"";"";""
"";"";"";"";"";"";"";"";"";"";"";"";"";"";"";"";"";"";"";"";"Maxi Car";"";"";"";"";"";"";"Ello";"";"";"";"";"Touche-Coule";"";"";"";"";"";"";"";"";"";"";"";"";"";"";"Chaussures";"";"";"Retro";"";"Camion, Utilitaire";"";"";"";"";""
"";"";"";"";"";"";"";"";"";"";"";"";"";"";"";"";"";"";"";"";"Mebe Toys";"";"";"";"";"";"";"Enya";"";"";"";"";"Trivial Pursuit";"";"";"";"";"";"";"";"";"";"";"";"";"";"";"Cheval";"";"";"Romains";"";"Carabine";"";"";"";"";""
"";"";"";"";"";"";"";"";"";"";"";"";"";"";"";"";"";"";"";"";"Mercuri";"";"";"";"";"";"";"Eureka bugatti";"";"";"";"";"Twister";"";"";"";"";"";"";"";"";"";"";"";"";"";"";"Cheveux";"";"";"Romains, Antiquite";"";"Carte a l'unite";"";"";"";"";""
"";"";"";"";"";"";"";"";"";"";"";"";"";"";"";"";"";"";"";"";"Micro Machines";"";"";"";"";"";"";"Faller";"";"";"";"";"Uno";"";"";"";"";"";"";"";"";"";"";"";"";"";"";"Chevre";"";"";"Sante, Hopital";"";"Carte à collectionner";"";"";"";"";""
"";"";"";"";"";"";"";"";"";"";"";"";"";"";"";"";"";"";"";"";"Minichamps";"";"";"";"";"";"";"Famosa";"";"";"";"";"Vampire la Mascarade";"";"";"";"";"";"";"";"";"";"";"";"";"";"";"Chicane";"";"";"Science Fiction";"";"Cartes a jouer (32)";"";"";"";"";""
"";"";"";"";"";"";"";"";"";"";"";"";"";"";"";"";"";"";"";"";"Mokarex";"";"";"";"";"";"";"Fantom";"";"";"";"";"Warhammer 40 K";"";"";"";"";"";"";"";"";"";"";"";"";"";"";"Chien";"";"";"Seigneur des Anneaux";"";"Cartes a jouer (54)";"";"";"";"";""
"";"";"";"";"";"";"";"";"";"";"";"";"";"";"";"";"";"";"";"";"Monogram";"";"";"";"";"";"";"Fariboles";"";"";"";"";"Warhammer Fantasy Battle";"";"";"";"";"";"";"";"";"";"";"";"";"";"";"Cible";"";"";"Serie TV";"";"Cartes de collection";"";"";"";"";""
"";"";"";"";"";"";"";"";"";"";"";"";"";"";"";"";"";"";"";"";"Multiplex";"";"";"";"";"";"";"Fashion Royalty";"";"";"";"";"Warhammer jeux specialistes";"";"";"";"";"";"";"";"";"";"";"";"";"";"";"Cible + flechettes";"";"";"Sorciere";"";"Casse-tete";"";"";"";"";""
"";"";"";"";"";"";"";"";"";"";"";"";"";"";"";"";"";"";"";"";"Muscle Machines";"";"";"";"";"";"";"Ferrari";"";"";"";"";"WinX";"";"";"";"";"";"";"";"";"";"";"";"";"";"";"Citerne";"";"";"Sport";"";"Catalogue";"";"";"";"";""
"";"";"";"";"";"";"";"";"";"";"";"";"";"";"";"";"";"";"";"";"New Ray";"";"";"";"";"";"";"Fg";"";"";"";"";"Xianq Qi";"";"";"";"";"";"";"";"";"";"";"";"";"";"";"Classeur, Dossier";"";"";"Sport : Foot";"";"Cerf-volant";"";"";"";"";""
"";"";"";"";"";"";"";"";"";"";"";"";"";"";"";"";"";"";"";"";"Nikko";"";"";"";"";"";"";"Fiat";"";"";"";"";"";"";"";"";"";"";"";"";"";"";"";"";"";"";"";"Classique";"";"";"Sport : Lutte, Catch";"";"Chapeau";"";"";"";"";""
"";"";"";"";"";"";"";"";"";"";"";"";"";"";"";"";"";"";"";"";"Norev";"";"";"";"";"";"";"Fischer Price";"";"";"";"";"";"";"";"";"";"";"";"";"";"";"";"";"";"";"";"Clown";"";"";"Sport : Rugby";"";"Chaussures";"";"";"";"";""
"";"";"";"";"";"";"";"";"";"";"";"";"";"";"";"";"";"";"";"";"Norscot";"";"";"";"";"";"";"Fischertechnik";"";"";"";"";"";"";"";"";"";"";"";"";"";"";"";"";"";"";"";"Cochon";"";"";"Sports";"";"Chemise, T-shirt";"";"";"";"";""
"";"";"";"";"";"";"";"";"";"";"";"";"";"";"";"";"";"";"";"";"Nostalgie";"";"";"";"";"";"";"Fleischmann";"";"";"";"";"";"";"";"";"";"";"";"";"";"";"";"";"";"";"";"Coloriage";"";"";"Sports, Loisirs";"";"Cheval";"";"";"";"";""
"";"";"";"";"";"";"";"";"";"";"";"";"";"";"";"";"";"";"";"";"Onyx";"";"";"";"";"";"";"Fly";"";"";"";"";"";"";"";"";"";"";"";"";"";"";"";"";"";"";"";"Commerce, Industrie";"";"";"Star Wars";"";"Circuit";"";"";"";"";""
"";"";"";"";"";"";"";"";"";"";"";"";"";"";"";"";"";"";"";"";"Oxford";"";"";"";"";"";"";"Forchino";"";"";"";"";"";"";"";"";"";"";"";"";"";"";"";"";"";"";"";"Corvette";"";"";"Super-heros, Personnage";"";"Circuit electrique complet";"";"";"";"";""
"";"";"";"";"";"";"";"";"";"";"";"";"";"";"";"";"";"";"";"";"Plus Model";"";"";"";"";"";"";"Ford";"";"";"";"";"";"";"";"";"";"";"";"";"";"";"";"";"";"";"";"Courbe";"";"";"Trone de fer";"";"Circuit non electrique";"";"";"";"";""
"";"";"";"";"";"";"";"";"";"";"";"";"";"";"";"";"";"";"";"";"Polistil";"";"";"";"";"";"";"Fournier";"";"";"";"";"";"";"";"";"";"";"";"";"";"";"";"";"";"";"";"Cravate";"";"";"VS System";"";"Clinique, Restauration de poupee";"";"";"";"";""
"";"";"";"";"";"";"";"";"";"";"";"";"";"";"";"";"";"";"";"";"Preiser";"";"";"";"";"";"";"Fox";"";"";"";"";"";"";"";"";"";"";"";"";"";"";"";"";"";"";"";"Croisement";"";"";"Vehicule, Transport";"";"Coffre à jouets";"";"";"";"";""
"";"";"";"";"";"";"";"";"";"";"";"";"";"";"";"";"";"";"";"";"Protech";"";"";"";"";"";"";"France Jouet";"";"";"";"";"";"";"";"";"";"";"";"";"";"";"";"";"";"";"";"Cube";"";"";"Vehicules, Transports";"";"Coffret";"";"";"";"";""
"";"";"";"";"";"";"";"";"";"";"";"";"";"";"";"";"";"";"";"";"Quartzo";"";"";"";"";"";"";"France Maquettes";"";"";"";"";"";"";"";"";"";"";"";"";"";"";"";"";"";"";"";"Cuisine";"";"";"Ville";"";"Coffret de magicien";"";"";"";"";""
"";"";"";"";"";"";"";"";"";"";"";"";"";"";"";"";"";"";"";"";"Quiralu";"";"";"";"";"";"";"Fulgurex";"";"";"";"";"";"";"";"";"";"";"";"";"";"";"";"";"";"";"";"Decor, Batiment";"";"";"Western";"";"Colle";"";"";"";"";""
"";"";"";"";"";"";"";"";"";"";"";"";"";"";"";"";"";"";"";"";"Realtoy";"";"";"";"";"";"";"Furby";"";"";"";"";"";"";"";"";"";"";"";"";"";"";"";"";"";"";"";"Decoration";"";"";"Winx";"";"Collection complete";"";"";"";"";""
"";"";"";"";"";"";"";"";"";"";"";"";"";"";"";"";"";"";"";"";"Revell";"";"";"";"";"";"";"Futaba";"";"";"";"";"";"";"";"";"";"";"";"";"";"";"";"";"";"";"";"Decoupage";"";"";"World of Warcraft";"";"Coloriage";"";"";"";"";""
"";"";"";"";"";"";"";"";"";"";"";"";"";"";"";"";"";"";"";"";"Rio";"";"";"";"";"";"";"GWS";"";"";"";"";"";"";"";"";"";"";"";"";"";"";"";"";"";"";"";"Defis fantastiques";"";"";"Yu-Gi-Oh!";"";"Compte tours";"";"";"";"";""
"";"";"";"";"";"";"";"";"";"";"";"";"";"";"";"";"";"";"";"";"Robbe";"";"";"";"";"";"";"Gaultier";"";"";"";"";"";"";"";"";"";"";"";"";"";"";"";"";"";"";"";"Diabolo";"";"";"Zoo";"";"Console";"";"";"";"";""
"";"";"";"";"";"";"";"";"";"";"";"";"";"";"";"";"";"";"";"";"Roden";"";"";"";"";"";"";"Gege";"";"";"";"";"";"";"";"";"";"";"";"";"";"";"";"";"";"";"";"Diesel";"";"";"";"";"Console 3DS";"";"";"";"";""
"";"";"";"";"";"";"";"";"";"";"";"";"";"";"";"";"";"";"";"";"Royal Maquettes";"";"";"";"";"";"";"Gemaco";"";"";"";"";"";"";"";"";"";"";"";"";"";"";"";"";"";"";"";"Diligence";"";"";"";"";"Console jeux vidéo";"";"";"";"";""
"";"";"";"";"";"";"";"";"";"";"";"";"";"";"";"";"";"";"";"";"Royal Model";"";"";"";"";"";"";"Geomag";"";"";"";"";"";"";"";"";"";"";"";"";"";"";"";"";"";"";"";"Dinette";"";"";"";"";"Console portable";"";"";"";"";""
"";"";"";"";"";"";"";"";"";"";"";"";"";"";"";"";"";"";"";"";"Saico";"";"";"";"";"";"";"Gormiti";"";"";"";"";"";"";"";"";"";"";"";"";"";"";"";"";"";"";"";"Disney";"";"";"";"";"Corde a sauter";"";"";"";"";""
"";"";"";"";"";"";"";"";"";"";"";"";"";"";"";"";"";"";"";"";"Schabak";"";"";"";"";"";"";"Gpm";"";"";"";"";"";"";"";"";"";"";"";"";"";"";"";"";"";"";"";"Donjons &amp; Dragons";"";"";"";"";"Corde à sauter";"";"";"";"";""
"";"";"";"";"";"";"";"";"";"";"";"";"";"";"";"";"";"";"";"";"Schuco";"";"";"";"";"";"";"Graupner";"";"";"";"";"";"";"";"";"";"";"";"";"";"";"";"";"";"";"";"Dragon";"";"";"";"";"Costume complet";"";"";"";"";""
"";"";"";"";"";"";"";"";"";"";"";"";"";"";"";"";"";"";"";"";"Scientific France";"";"";"";"";"";"";"Great Planes";"";"";"";"";"";"";"";"";"";"";"";"";"";"";"";"";"";"";"";"Dragon d'Or";"";"";"";"";"Coupe";"";"";"";"";""
"";"";"";"";"";"";"";"";"";"";"";"";"";"";"";"";"";"";"";"";"Siku";"";"";"";"";"";"";"Grimaud";"";"";"";"";"";"";"";"";"";"";"";"";"";"";"";"";"";"";"";"Echarpe";"";"";"";"";"Croquet";"";"";"";"";""
"";"";"";"";"";"";"";"";"";"";"";"";"";"";"";"";"";"";"";"";"Simprop";"";"";"";"";"";"";"HAG";"";"";"";"";"";"";"";"";"";"";"";"";"";"";"";"";"";"";"";"Eclairage, Lampadaire";"";"";"";"";"Cubes";"";"";"";"";""
"";"";"";"";"";"";"";"";"";"";"";"";"";"";"";"";"";"";"";"";"Solido";"";"";"";"";"";"";"Haba";"";"";"";"";"";"";"";"";"";"";"";"";"";"";"";"";"";"";"";"Electrique";"";"";"";"";"DVD : spectacles";"";"";"";"";""
"";"";"";"";"";"";"";"";"";"";"";"";"";"";"";"";"";"";"";"";"Spark";"";"";"";"";"";"";"Hangar 9";"";"";"";"";"";"";"";"";"";"";"";"";"";"";"";"";"";"";"";"Elephant";"";"";"";"";"DVD : techniques";"";"";"";"";""
"";"";"";"";"";"";"";"";"";"";"";"";"";"";"";"";"";"";"";"";"Starlux";"";"";"";"";"";"";"Hannah Montana";"";"";"";"";"";"";"";"";"";"";"";"";"";"";"";"";"";"";"";"Enfant fille";"";"";"";"";"DVD, Video";"";"";"";"";""
"";"";"";"";"";"";"";"";"";"";"";"";"";"";"";"";"";"";"";"";"Sun Star";"";"";"";"";"";"";"Hardcore";"";"";"";"";"";"";"";"";"";"";"";"";"";"";"";"";"";"";"";"Enfant garcon";"";"";"";"";"Deck, Paquet de jeu";"";"";"";"";""
"";"";"";"";"";"";"";"";"";"";"";"";"";"";"";"";"";"";"";"";"Tamiya";"";"";"";"";"";"";"Harley-Davidson";"";"";"";"";"";"";"";"";"";"";"";"";"";"";"";"";"";"";"";"Epicerie";"";"";"";"";"Decor";"";"";"";"";""
"";"";"";"";"";"";"";"";"";"";"";"";"";"";"";"";"";"";"";"";"Tekno";"";"";"";"";"";"";"Hasbro";"";"";"";"";"";"";"";"";"";"";"";"";"";"";"";"";"";"";"";"Etabli";"";"";"";"";"Diabolo";"";"";"";"";""
"";"";"";"";"";"";"";"";"";"";"";"";"";"";"";"";"";"";"";"";"Timpo";"";"";"";"";"";"";"Hello Kitty !";"";"";"";"";"";"";"";"";"";"";"";"";"";"";"";"";"";"";"";"Etain";"";"";"";"";"Diapason";"";"";"";"";""
"";"";"";"";"";"";"";"";"";"";"";"";"";"";"";"";"";"";"";"";"Tomica";"";"";"";"";"";"";"High School Musical";"";"";"";"";"";"";"";"";"";"";"";"";"";"";"";"";"";"";"";"Femme";"";"";"";"";"Diorama";"";"";"";"";""
"";"";"";"";"";"";"";"";"";"";"";"";"";"";"";"";"";"";"";"";"Tonka";"";"";"";"";"";"";"Hirobo";"";"";"";"";"";"";"";"";"";"";"";"";"";"";"";"";"";"";"";"Ferrari";"";"";"";"";"Documentation";"";"";"";"";""
"";"";"";"";"";"";"";"";"";"";"";"";"";"";"";"";"";"";"";"";"Tri-ang";"";"";"";"";"";"";"Hitec";"";"";"";"";"";"";"";"";"";"";"";"";"";"";"";"";"";"";"";"Figurine";"";"";"";"";"Documentation, Livres";"";"";"";"";""
"";"";"";"";"";"";"";"";"";"";"";"";"";"";"";"";"";"";"";"";"Trofeu";"";"";"";"";"";"";"Hobao";"";"";"";"";"";"";"";"";"";"";"";"";"";"";"";"";"";"";"";"Figurine, Personnage";"";"";"";"";"Doudou";"";"";"";"";""
"";"";"";"";"";"";"";"";"";"";"";"";"";"";"";"";"";"";"";"";"Trumpeter";"";"";"";"";"";"";"Hobby Concept";"";"";"";"";"";"";"";"";"";"";"";"";"";"";"";"";"";"";"";"Fleche";"";"";"";"";"Ds";"";"";"";"";""
"";"";"";"";"";"";"";"";"";"";"";"";"";"";"";"";"";"";"";"";"Universal Hobbies";"";"";"";"";"";"";"Honda";"";"";"";"";"";"";"";"";"";"";"";"";"";"";"";"";"";"";"";"Flechettes";"";"";"";"";"Déguisement";"";"";"";"";""
"";"";"";"";"";"";"";"";"";"";"";"";"";"";"";"";"";"";"";"";"Vanguards";"";"";"";"";"";"";"Hong Nor";"";"";"";"";"";"";"";"";"";"";"";"";"";"";"";"";"";"";"";"Flipper";"";"";"";"";"Détecteur de métaux";"";"";"";"";""
"";"";"";"";"";"";"";"";"";"";"";"";"";"";"";"";"";"";"";"";"Verem";"";"";"";"";"";"";"Hornby";"";"";"";"";"";"";"";"";"";"";"";"";"";"";"";"";"";"";"";"Ford";"";"";"";"";"Edification, Construction";"";"";"";"";""
"";"";"";"";"";"";"";"";"";"";"";"";"";"";"";"";"";"";"";"";"Verlinden";"";"";"";"";"";"";"Hot Bodies";"";"";"";"";"";"";"";"";"";"";"";"";"";"";"";"";"";"";"";"Français";"";"";"";"";"Elastique";"";"";"";"";""
"";"";"";"";"";"";"";"";"";"";"";"";"";"";"";"";"";"";"";"";"Vitesse";"";"";"";"";"";"";"Hot Wheels";"";"";"";"";"";"";"";"";"";"";"";"";"";"";"";"";"";"";"";"Gants";"";"";"";"";"Element";"";"";"";"";""
"";"";"";"";"";"";"";"";"";"";"";"";"";"";"";"";"";"";"";"";"Walkera";"";"";"";"";"";"";"Hoyle";"";"";"";"";"";"";"";"";"";"";"";"";"";"";"";"";"";"";"";"Gare, Technique";"";"";"";"";"Enigmes, Devinettes";"";"";"";"";""
"";"";"";"";"";"";"";"";"";"";"";"";"";"";"";"";"";"";"";"";"Welly";"";"";"";"";"";"";"Hpi";"";"";"";"";"";"";"";"";"";"";"";"";"";"";"";"";"";"";"";"Girafe";"";"";"";"";"Eveil du language";"";"";"";"";""
"";"";"";"";"";"";"";"";"";"";"";"";"";"";"";"";"";"";"";"";"ZNLine";"";"";"";"";"";"";"Imex";"";"";"";"";"";"";"";"";"";"";"";"";"";"";"";"";"";"";"";"Golf";"";"";"";"";"Eveil moteur, Adresse";"";"";"";"";""
"";"";"";"";"";"";"";"";"";"";"";"";"";"";"";"";"";"";"";"";"Zvezda";"";"";"";"";"";"";"Indiana Jones";"";"";"";"";"";"";"";"";"";"";"";"";"";"";"";"";"";"";"";"Guignol";"";"";"";"";"Farces et attrapes";"";"";"";"";""
"";"";"";"";"";"";"";"";"";"";"";"";"";"";"";"";"";"";"";"";"";"";"";"";"";"";"";"Integy";"";"";"";"";"";"";"";"";"";"";"";"";"";"";"";"";"";"";"";"Guitare";"";"";"";"";"Figurine";"";"";"";"";""
"";"";"";"";"";"";"";"";"";"";"";"";"";"";"";"";"";"";"";"";"";"";"";"";"";"";"";"Italeri";"";"";"";"";"";"";"";"";"";"";"";"";"";"";"";"";"";"";"";"Harmonica";"";"";"";"";"Filet";"";"";"";"";""
"";"";"";"";"";"";"";"";"";"";"";"";"";"";"";"";"";"";"";"";"";"";"";"";"";"";"";"JR";"";"";"";"";"";"";"";"";"";"";"";"";"";"";"";"";"";"";"";"Helices";"";"";"";"";"Flechettes classiques";"";"";"";"";""
"";"";"";"";"";"";"";"";"";"";"";"";"";"";"";"";"";"";"";"";"";"";"";"";"";"";"";"Jaguar";"";"";"";"";"";"";"";"";"";"";"";"";"";"";"";"";"";"";"";"Helicoptere";"";"";"";"";"Flechettes electroniques";"";"";"";"";""
"";"";"";"";"";"";"";"";"";"";"";"";"";"";"";"";"";"";"";"";"";"";"";"";"";"";"";"Jake Le Pirate";"";"";"";"";"";"";"";"";"";"";"";"";"";"";"";"";"";"";"";"Homme";"";"";"";"";"Flechettes magnetiques";"";"";"";"";""
"";"";"";"";"";"";"";"";"";"";"";"";"";"";"";"";"";"";"";"";"";"";"";"";"";"";"";"Jep";"";"";"";"";"";"";"";"";"";"";"";"";"";"";"";"";"";"";"";"Humanoide";"";"";"";"";"Flipper";"";"";"";"";""
"";"";"";"";"";"";"";"";"";"";"";"";"";"";"";"";"";"";"";"";"";"";"";"";"";"";"";"JeuJura";"";"";"";"";"";"";"";"";"";"";"";"";"";"";"";"";"";"";"";"Insecte";"";"";"";"";"Flipper : Piece detachee";"";"";"";"";""
"";"";"";"";"";"";"";"";"";"";"";"";"";"";"";"";"";"";"";"";"";"";"";"";"";"";"";"Jouef";"";"";"";"";"";"";"";"";"";"";"";"";"";"";"";"";"";"";"";"Jaguar";"";"";"";"";"Fléchettes";"";"";"";"";""
"";"";"";"";"";"";"";"";"";"";"";"";"";"";"";"";"";"";"";"";"";"";"";"";"";"";"";"Jouef-Hornby";"";"";"";"";"";"";"";"";"";"";"";"";"";"";"";"";"";"";"";"Jambe";"";"";"";"";"Formes, Tangram";"";"";"";"";""
"";"";"";"";"";"";"";"";"";"";"";"";"";"";"";"";"";"";"";"";"";"";"";"";"";"";"";"Joustra";"";"";"";"";"";"";"";"";"";"";"";"";"";"";"";"";"";"";"";"Jantes";"";"";"";"";"Frisbee";"";"";"";"";""
"";"";"";"";"";"";"";"";"";"";"";"";"";"";"";"";"";"";"";"";"";"";"";"";"";"";"";"Jrd";"";"";"";"";"";"";"";"";"";"";"";"";"";"";"";"";"";"";"";"Jet Ski";"";"";"";"";"Fusee";"";"";"";"";""
"";"";"";"";"";"";"";"";"";"";"";"";"";"";"";"";"";"";"";"";"";"";"";"";"";"";"";"Jumeau";"";"";"";"";"";"";"";"";"";"";"";"";"";"";"";"";"";"";"";"Jeu";"";"";"";"";"Garage";"";"";"";"";""
"";"";"";"";"";"";"";"";"";"";"";"";"";"";"";"";"";"";"";"";"";"";"";"";"";"";"";"K&amp;B";"";"";"";"";"";"";"";"";"";"";"";"";"";"";"";"";"";"";"";"Jeu collaboratif";"";"";"";"";"Geographie";"";"";"";"";""
"";"";"";"";"";"";"";"";"";"";"";"";"";"";"";"";"";"";"";"";"";"";"";"";"";"";"";"K'Nex";"";"";"";"";"";"";"";"";"";"";"";"";"";"";"";"";"";"";"";"Jeu complet";"";"";"";"";"Globe terrestre";"";"";"";"";""
"";"";"";"";"";"";"";"";"";"";"";"";"";"";"";"";"";"";"";"";"";"";"";"";"";"";"";"KEM";"";"";"";"";"";"";"";"";"";"";"";"";"";"";"";"";"";"";"";"Jeu d'action";"";"";"";"";"Gommette";"";"";"";"";""
"";"";"";"";"";"";"";"";"";"";"";"";"";"";"";"";"";"";"";"";"";"";"";"";"";"";"";"Kaloo";"";"";"";"";"";"";"";"";"";"";"";"";"";"";"";"";"";"";"";"Jeu d'ambiance";"";"";"";"";"Helicoptere";"";"";"";"";""
"";"";"";"";"";"";"";"";"";"";"";"";"";"";"";"";"";"";"";"";"";"";"";"";"";"";"";"Kapla";"";"";"";"";"";"";"";"";"";"";"";"";"";"";"";"";"";"";"";"Jeu de cartes";"";"";"";"";"Histoire";"";"";"";"";""
"";"";"";"";"";"";"";"";"";"";"";"";"";"";"";"";"";"";"";"";"";"";"";"";"";"";"";"Kawasaki";"";"";"";"";"";"";"";"";"";"";"";"";"";"";"";"";"";"";"";"Jeu de dés";"";"";"";"";"Hélicoptère";"";"";"";"";""
"";"";"";"";"";"";"";"";"";"";"";"";"";"";"";"";"";"";"";"";"";"";"";"";"";"";"";"Kestner";"";"";"";"";"";"";"";"";"";"";"";"";"";"";"";"";"";"";"";"Jeu de hasard";"";"";"";"";"Installation de jardin";"";"";"";"";""
"";"";"";"";"";"";"";"";"";"";"";"";"";"";"";"";"";"";"";"";"";"";"";"";"";"";"";"Kibri";"";"";"";"";"";"";"";"";"";"";"";"";"";"";"";"";"";"";"";"Jeu de rôle";"";"";"";"";"Instrument de musique enfant";"";"";"";"";""
"";"";"";"";"";"";"";"";"";"";"";"";"";"";"";"";"";"";"";"";"";"";"";"";"";"";"";"Kotobukiya";"";"";"";"";"";"";"";"";"";"";"";"";"";"";"";"";"";"";"";"Jeu de stratégie";"";"";"";"";"Interactif, Electronique";"";"";"";"";""
"";"";"";"";"";"";"";"";"";"";"";"";"";"";"";"";"";"";"";"";"";"";"";"";"";"";"";"Kung Fu Panda";"";"";"";"";"";"";"";"";"";"";"";"";"";"";"";"";"";"";"";"Jeu educatif";"";"";"";"";"Jetons anciens";"";"";"";"";""
"";"";"";"";"";"";"";"";"";"";"";"";"";"";"";"";"";"";"";"";"";"";"";"";"";"";"";"Kung Zhu Pets";"";"";"";"";"";"";"";"";"";"";"";"";"";"";"";"";"";"";"";"Jeu gonflable";"";"";"";"";"Jetons graves";"";"";"";"";""
"";"";"";"";"";"";"";"";"";"";"";"";"";"";"";"";"";"";"";"";"";"";"";"";"";"";"";"Kyosho";"";"";"";"";"";"";"";"";"";"";"";"";"";"";"";"";"";"";"";"Lapin";"";"";"";"";"Jetons non graves";"";"";"";"";""
"";"";"";"";"";"";"";"";"";"";"";"";"";"";"";"";"";"";"";"";"";"";"";"";"";"";"";"LGB Lehmann";"";"";"";"";"";"";"";"";"";"";"";"";"";"";"";"";"";"";"";"Latex";"";"";"";"";"Jeu 3DS";"";"";"";"";""
"";"";"";"";"";"";"";"";"";"";"";"";"";"";"";"";"";"";"";"";"";"";"";"";"";"";"";"LS Models";"";"";"";"";"";"";"";"";"";"";"";"";"";"";"";"";"";"";"";"Le Heraut Citadel";"";"";"";"";"Jeu coquin";"";"";"";"";""
"";"";"";"";"";"";"";"";"";"";"";"";"";"";"";"";"";"";"";"";"";"";"";"";"";"";"";"La maison de Mickey";"";"";"";"";"";"";"";"";"";"";"";"";"";"";"";"";"";"";"";"Ligne droite";"";"";"";"";"Jeu d'adresse";"";"";"";"";""
"";"";"";"";"";"";"";"";"";"";"";"";"";"";"";"";"";"";"";"";"";"";"";"";"";"";"";"Lamborghini";"";"";"";"";"";"";"";"";"";"";"";"";"";"";"";"";"";"";"";"Livre jeu, vivez l'aventure";"";"";"";"";"Jeu d'argent, Business";"";"";"";"";""
"";"";"";"";"";"";"";"";"";"";"";"";"";"";"";"";"";"";"";"";"";"";"";"";"";"";"";"Lancia";"";"";"";"";"";"";"";"";"";"";"";"";"";"";"";"";"";"";"";"Livre, Manuel";"";"";"";"";"Jeu d'eau, de plage";"";"";"";"";""
"";"";"";"";"";"";"";"";"";"";"";"";"";"";"";"";"";"";"";"";"";"";"";"";"";"";"";"Leblon Delienne";"";"";"";"";"";"";"";"";"";"";"";"";"";"";"";"";"";"";"";"Lot";"";"";"";"";"Jeu d'imitation";"";"";"";"";""
"";"";"";"";"";"";"";"";"";"";"";"";"";"";"";"";"";"";"";"";"";"";"";"";"";"";"";"Lego";"";"";"";"";"";"";"";"";"";"";"";"";"";"";"";"";"";"";"";"Lot de vetements";"";"";"";"";"Jeu de TV, Cinema, BD";"";"";"";"";""
"";"";"";"";"";"";"";"";"";"";"";"";"";"";"";"";"";"";"";"";"";"";"";"";"";"";"";"Lehmann";"";"";"";"";"";"";"";"";"";"";"";"";"";"";"";"";"";"";"";"Lot varie";"";"";"";"";"Jeu de bain";"";"";"";"";""
"";"";"";"";"";"";"";"";"";"";"";"";"";"";"";"";"";"";"";"";"";"";"";"";"";"";"";"Lemaco";"";"";"";"";"";"";"";"";"";"";"";"";"";"";"";"";"";"";"";"Lotus";"";"";"";"";"Jeu de bluff";"";"";"";"";""
"";"";"";"";"";"";"";"";"";"";"";"";"";"";"";"";"";"";"";"";"";"";"";"";"";"";"";"Lesney";"";"";"";"";"";"";"";"";"";"";"";"";"";"";"";"";"";"";"";"Loup Ardent";"";"";"";"";"Jeu de cafe";"";"";"";"";""
"";"";"";"";"";"";"";"";"";"";"";"";"";"";"";"";"";"";"";"";"";"";"";"";"";"";"";"Liliput";"";"";"";"";"";"";"";"";"";"";"";"";"";"";"";"";"";"";"";"Loup Solitaire";"";"";"";"";"Jeu de cartes";"";"";"";"";""
"";"";"";"";"";"";"";"";"";"";"";"";"";"";"";"";"";"";"";"";"";"";"";"";"";"";"";"Lilliputiens";"";"";"";"";"";"";"";"";"";"";"";"";"";"";"";"";"";"";"";"Magnetophone karaoke";"";"";"";"";"Jeu de cartes de societe";"";"";"";"";""
"";"";"";"";"";"";"";"";"";"";"";"";"";"";"";"";"";"";"";"";"";"";"";"";"";"";"";"Lima";"";"";"";"";"";"";"";"";"";"";"";"";"";"";"";"";"";"";"";"Manege";"";"";"";"";"Jeu de cartes incomplet";"";"";"";"";""
"";"";"";"";"";"";"";"";"";"";"";"";"";"";"";"";"";"";"";"";"";"";"";"";"";"";"";"Littlest Pet Shop";"";"";"";"";"";"";"";"";"";"";"";"";"";"";"";"";"";"";"";"Manteau";"";"";"";"";"Jeu de chiffres, Lettres";"";"";"";"";""
"";"";"";"";"";"";"";"";"";"";"";"";"";"";"";"";"";"";"";"";"";"";"";"";"";"";"";"Logitoys";"";"";"";"";"";"";"";"";"";"";"";"";"";"";"";"";"";"";"";"Marionnette";"";"";"";"";"Jeu de construction";"";"";"";"";""
"";"";"";"";"";"";"";"";"";"";"";"";"";"";"";"";"";"";"";"";"";"";"";"";"";"";"";"Looney Tunes";"";"";"";"";"";"";"";"";"";"";"";"";"";"";"";"";"";"";"";"Massues";"";"";"";"";"Jeu de creativite";"";"";"";"";""
"";"";"";"";"";"";"";"";"";"";"";"";"";"";"";"";"";"";"";"";"";"";"";"";"";"";"";"Lotus";"";"";"";"";"";"";"";"";"";"";"";"";"";"";"";"";"";"";"";"Mercedes-Benz";"";"";"";"";"Jeu de culture generale";"";"";"";"";""
"";"";"";"";"";"";"";"";"";"";"";"";"";"";"";"";"";"";"";"";"";"";"";"";"";"";"";"MBK";"";"";"";"";"";"";"";"";"";"";"";"";"";"";"";"";"";"";"";"Metal";"";"";"";"";"Jeu de deduction";"";"";"";"";""
"";"";"";"";"";"";"";"";"";"";"";"";"";"";"";"";"";"";"";"";"";"";"";"";"";"";"";"MG";"";"";"";"";"";"";"";"";"";"";"";"";"";"";"";"";"";"";"";"Micro";"";"";"";"";"Jeu de des, Hasard";"";"";"";"";""
"";"";"";"";"";"";"";"";"";"";"";"";"";"";"";"";"";"";"";"";"";"";"";"";"";"";"";"MRRC";"";"";"";"";"";"";"";"";"";"";"";"";"";"";"";"";"";"";"";"Militaire";"";"";"";"";"Jeu de figurines, Wargame";"";"";"";"";""
"";"";"";"";"";"";"";"";"";"";"";"";"";"";"";"";"";"";"";"";"";"";"";"";"";"";"";"Magmax";"";"";"";"";"";"";"";"";"";"";"";"";"";"";"";"";"";"";"";"Mini";"";"";"";"";"Jeu de memoire";"";"";"";"";""
"";"";"";"";"";"";"";"";"";"";"";"";"";"";"";"";"";"";"";"";"";"";"";"";"";"";"";"Magnetix";"";"";"";"";"";"";"";"";"";"";"";"";"";"";"";"";"";"";"";"Mini-complexe, Habitat";"";"";"";"";"Jeu de pions";"";"";"";"";""
"";"";"";"";"";"";"";"";"";"";"";"";"";"";"";"";"";"";"";"";"";"";"";"";"";"";"";"Majorette";"";"";"";"";"";"";"";"";"";"";"";"";"";"";"";"";"";"";"";"Mobilier";"";"";"";"";"Jeu de role";"";"";"";"";""
"";"";"";"";"";"";"";"";"";"";"";"";"";"";"";"";"";"";"";"";"";"";"";"";"";"";"";"Marie d'O";"";"";"";"";"";"";"";"";"";"";"";"";"";"";"";"";"";"";"";"Modelage";"";"";"";"";"Jeu de societe";"";"";"";"";""
"";"";"";"";"";"";"";"";"";"";"";"";"";"";"";"";"";"";"";"";"";"";"";"";"";"";"";"Marklin";"";"";"";"";"";"";"";"";"";"";"";"";"";"";"";"";"";"";"";"Moins de 200 jetons";"";"";"";"";"Jeu de strategie";"";"";"";"";""
"";"";"";"";"";"";"";"";"";"";"";"";"";"";"";"";"";"";"";"";"";"";"";"";"";"";"";"Marvel Legends";"";"";"";"";"";"";"";"";"";"";"";"";"";"";"";"";"";"";"";"Moins de 25";"";"";"";"";"Jeu de voyage";"";"";"";"";""
"";"";"";"";"";"";"";"";"";"";"";"";"";"";"";"";"";"";"";"";"";"";"";"";"";"";"";"Master Airscrew";"";"";"";"";"";"";"";"";"";"";"";"";"";"";"";"";"";"";"";"Moins de 8 joueurs";"";"";"";"";"Jeu educatif";"";"";"";"";""
"";"";"";"";"";"";"";"";"";"";"";"";"";"";"";"";"";"";"";"";"";"";"";"";"";"";"";"Master Replicas";"";"";"";"";"";"";"";"";"";"";"";"";"";"";"";"";"";"";"";"Montre";"";"";"";"";"Jeu électronique";"";"";"";"";""
"";"";"";"";"";"";"";"";"";"";"";"";"";"";"";"";"";"";"";"";"";"";"";"";"";"";"";"Matchbox";"";"";"";"";"";"";"";"";"";"";"";"";"";"";"";"";"";"";"";"Moteur";"";"";"";"";"Jeux Nintendo DS";"";"";"";"";""
"";"";"";"";"";"";"";"";"";"";"";"";"";"";"";"";"";"";"";"";"";"";"";"";"";"";"";"Matra";"";"";"";"";"";"";"";"";"";"";"";"";"";"";"";"";"";"";"";"Moteur electrique";"";"";"";"";"Jeux Nintendo Wii";"";"";"";"";""
"";"";"";"";"";"";"";"";"";"";"";"";"";"";"";"";"";"";"";"";"";"";"";"";"";"";"";"Mattel";"";"";"";"";"";"";"";"";"";"";"";"";"";"";"";"";"";"";"";"Moteur thermique";"";"";"";"";"Jeux PC";"";"";"";"";""
"";"";"";"";"";"";"";"";"";"";"";"";"";"";"";"";"";"";"";"";"";"";"";"";"";"";"";"Maverick";"";"";"";"";"";"";"";"";"";"";"";"";"";"";"";"";"";"";"";"Moto";"";"";"";"";"Jeux PS Vita";"";"";"";"";""
"";"";"";"";"";"";"";"";"";"";"";"";"";"";"";"";"";"";"";"";"";"";"";"";"";"";"";"Max Steel";"";"";"";"";"";"";"";"";"";"";"";"";"";"";"";"";"";"";"";"Moulin a musique";"";"";"";"";"Jeux PS2";"";"";"";"";""
"";"";"";"";"";"";"";"";"";"";"";"";"";"";"";"";"";"";"";"";"";"";"";"";"";"";"";"Maya";"";"";"";"";"";"";"";"";"";"";"";"";"";"";"";"";"";"";"";"Mouton";"";"";"";"";"Jeux PS3";"";"";"";"";""
"";"";"";"";"";"";"";"";"";"";"";"";"";"";"";"";"";"";"";"";"";"";"";"";"";"";"";"Mc Farlane";"";"";"";"";"";"";"";"";"";"";"";"";"";"";"";"";"";"";"";"Multi-jeux";"";"";"";"";"Jeux PSP";"";"";"";"";""
"";"";"";"";"";"";"";"";"";"";"";"";"";"";"";"";"";"";"";"";"";"";"";"";"";"";"";"McCoy";"";"";"";"";"";"";"";"";"";"";"";"";"";"";"";"";"";"";"";"Objet";"";"";"";"";"Jeux créatifs";"";"";"";"";""
"";"";"";"";"";"";"";"";"";"";"";"";"";"";"";"";"";"";"";"";"";"";"";"";"";"";"";"Meccano";"";"";"";"";"";"";"";"";"";"";"";"";"";"";"";"";"";"";"";"Oiseau";"";"";"";"";"Jeux de construction";"";"";"";"";""
"";"";"";"";"";"";"";"";"";"";"";"";"";"";"";"";"";"";"";"";"";"";"";"";"";"";"";"Mega Bloks";"";"";"";"";"";"";"";"";"";"";"";"";"";"";"";"";"";"";"";"Otarie, Phoque";"";"";"";"";"Jeux de plein air";"";"";"";"";""
"";"";"";"";"";"";"";"";"";"";"";"";"";"";"";"";"";"";"";"";"";"";"";"";"";"";"";"Megatech";"";"";"";"";"";"";"";"";"";"";"";"";"";"";"";"";"";"";"";"Panneau, Feu";"";"";"";"";"Jeux de société";"";"";"";"";""
"";"";"";"";"";"";"";"";"";"";"";"";"";"";"";"";"";"";"";"";"";"";"";"";"";"";"";"Mehano";"";"";"";"";"";"";"";"";"";"";"";"";"";"";"";"";"";"";"";"Papeterie";"";"";"";"";"Jeux vidéo";"";"";"";"";""
"";"";"";"";"";"";"";"";"";"";"";"";"";"";"";"";"";"";"";"";"";"";"";"";"";"";"";"Mercedes";"";"";"";"";"";"";"";"";"";"";"";"";"";"";"";"";"";"";"";"Papillon";"";"";"";"";"Jeux xbox 360";"";"";"";"";""
"";"";"";"";"";"";"";"";"";"";"";"";"";"";"";"";"";"";"";"";"";"";"";"";"";"";"";"Mercedes-Benz";"";"";"";"";"";"";"";"";"";"";"";"";"";"";"";"";"";"";"";"Passage a niveau";"";"";"";"";"Jeux éducatifs";"";"";"";"";""
"";"";"";"";"";"";"";"";"";"";"";"";"";"";"";"";"";"";"";"";"";"";"";"";"";"";"";"Minnie";"";"";"";"";"";"";"";"";"";"";"";"";"";"";"";"";"";"";"";"Peinture";"";"";"";"";"Jonglage";"";"";"";"";""
"";"";"";"";"";"";"";"";"";"";"";"";"";"";"";"";"";"";"";"";"";"";"";"";"";"";"";"Mip";"";"";"";"";"";"";"";"";"";"";"";"";"";"";"";"";"";"";"";"Peluche";"";"";"";"";"Jouet 1er âge";"";"";"";"";""
"";"";"";"";"";"";"";"";"";"";"";"";"";"";"";"";"";"";"";"";"";"";"";"";"";"";"";"Mission G";"";"";"";"";"";"";"";"";"";"";"";"";"";"";"";"";"";"";"";"Peluche musicale";"";"";"";"";"Jouet a bascule";"";"";"";"";""
"";"";"";"";"";"";"";"";"";"";"";"";"";"";"";"";"";"";"";"";"";"";"";"";"";"";"";"Miyazawa";"";"";"";"";"";"";"";"";"";"";"";"";"";"";"";"";"";"";"";"Personnage";"";"";"";"";"Jouet a tracter";"";"";"";"";""
"";"";"";"";"";"";"";"";"";"";"";"";"";"";"";"";"";"";"";"";"";"";"";"";"";"";"";"Mkd";"";"";"";"";"";"";"";"";"";"";"";"";"";"";"";"";"";"";"";"Peugeot";"";"";"";"";"Jouet de bain";"";"";"";"";""
"";"";"";"";"";"";"";"";"";"";"";"";"";"";"";"";"";"";"";"";"";"";"";"";"";"";"";"Modiano";"";"";"";"";"";"";"";"";"";"";"";"";"";"";"";"";"";"";"";"Piano, Clavier";"";"";"";"";"Jouet en bois";"";"";"";"";""
"";"";"";"";"";"";"";"";"";"";"";"";"";"";"";"";"";"";"";"";"";"";"";"";"";"";"";"Mokarex";"";"";"";"";"";"";"";"";"";"";"";"";"";"";"";"";"";"";"";"Piece detachee";"";"";"";"";"Jouet fille";"";"";"";"";""
"";"";"";"";"";"";"";"";"";"";"";"";"";"";"";"";"";"";"";"";"";"";"";"";"";"";"";"Mondialslot";"";"";"";"";"";"";"";"";"";"";"";"";"";"";"";"";"";"";"";"Piece detachee aeronautique";"";"";"";"";"Jouet garçon";"";"";"";"";""
"";"";"";"";"";"";"";"";"";"";"";"";"";"";"";"";"";"";"";"";"";"";"";"";"";"";"";"Monneret";"";"";"";"";"";"";"";"";"";"";"";"";"";"";"";"";"";"";"";"Piece detachee automobile";"";"";"";"";"Jouet mecanique";"";"";"";"";""
"";"";"";"";"";"";"";"";"";"";"";"";"";"";"";"";"";"";"";"";"";"";"";"";"";"";"";"Monster High";"";"";"";"";"";"";"";"";"";"";"";"";"";"";"";"";"";"";"";"Piece detachee navale";"";"";"";"";"Jouet miniature";"";"";"";"";""
"";"";"";"";"";"";"";"";"";"";"";"";"";"";"";"";"";"";"";"";"";"";"";"";"";"";"";"Moto Guzzi";"";"";"";"";"";"";"";"";"";"";"";"";"";"";"";"";"";"";"";"Pierrot";"";"";"";"";"Jouet musical";"";"";"";"";""
"";"";"";"";"";"";"";"";"";"";"";"";"";"";"";"";"";"";"";"";"";"";"";"";"";"";"";"Motobecane";"";"";"";"";"";"";"";"";"";"";"";"";"";"";"";"";"";"";"";"Pignon";"";"";"";"";"Juke-box";"";"";"";"";""
"";"";"";"";"";"";"";"";"";"";"";"";"";"";"";"";"";"";"";"";"";"";"";"";"";"";"";"Moulinsart";"";"";"";"";"";"";"";"";"";"";"";"";"";"";"";"";"";"";"";"Piscine gonflable";"";"";"";"";"Jupe";"";"";"";"";""
"";"";"";"";"";"";"";"";"";"";"";"";"";"";"";"";"";"";"";"";"";"";"";"";"";"";"";"Mrc";"";"";"";"";"";"";"";"";"";"";"";"";"";"";"";"";"";"";"";"Planeur";"";"";"";"";"Kit de suspension";"";"";"";"";""
"";"";"";"";"";"";"";"";"";"";"";"";"";"";"";"";"";"";"";"";"";"";"";"";"";"";"";"Mugen";"";"";"";"";"";"";"";"";"";"";"";"";"";"";"";"";"";"";"";"Plaque de decoration";"";"";"";"";"Kit tour de magie";"";"";"";"";""
"";"";"";"";"";"";"";"";"";"";"";"";"";"";"";"";"";"";"";"";"";"";"";"";"";"";"";"Multiplex";"";"";"";"";"";"";"";"";"";"";"";"";"";"";"";"";"";"";"";"Plastique";"";"";"";"";"Langues etrangeres";"";"";"";"";""
"";"";"";"";"";"";"";"";"";"";"";"";"";"";"";"";"";"";"";"";"";"";"";"";"";"";"";"Myscene";"";"";"";"";"";"";"";"";"";"";"";"";"";"";"";"";"";"";"";"Plastique, PVC";"";"";"";"";"Lecture";"";"";"";"";""
"";"";"";"";"";"";"";"";"";"";"";"";"";"";"";"";"";"";"";"";"";"";"";"";"";"";"";"Myth Cloth, Bandai";"";"";"";"";"";"";"";"";"";"";"";"";"";"";"";"";"";"";"";"Plateau de jeu, Decor";"";"";"";"";"Lettres, Orthographe";"";"";"";"";""
"";"";"";"";"";"";"";"";"";"";"";"";"";"";"";"";"";"";"";"";"";"";"";"";"";"";"";"NSR";"";"";"";"";"";"";"";"";"";"";"";"";"";"";"";"";"";"";"";"Platre";"";"";"";"";"Lit poupée";"";"";"";"";""
"";"";"";"";"";"";"";"";"";"";"";"";"";"";"";"";"";"";"";"";"";"";"";"";"";"";"";"NTP";"";"";"";"";"";"";"";"";"";"";"";"";"";"";"";"";"";"";"";"Pliage";"";"";"";"";"Livre";"";"";"";"";""
"";"";"";"";"";"";"";"";"";"";"";"";"";"";"";"";"";"";"";"";"";"";"";"";"";"";"";"Neca";"";"";"";"";"";"";"";"";"";"";"";"";"";"";"";"";"";"";"";"Plomb";"";"";"";"";"Livre de magie";"";"";"";"";""
"";"";"";"";"";"";"";"";"";"";"";"";"";"";"";"";"";"";"";"";"";"";"";"";"";"";"";"Nikko";"";"";"";"";"";"";"";"";"";"";"";"";"";"";"";"";"";"";"";"Plus de 10 joueurs";"";"";"";"";"Livre premier âge";"";"";"";"";""
"";"";"";"";"";"";"";"";"";"";"";"";"";"";"";"";"";"";"";"";"";"";"";"";"";"";"";"Ninco";"";"";"";"";"";"";"";"";"";"";"";"";"";"";"";"";"";"";"";"Plus de 500";"";"";"";"";"Livre, Revue";"";"";"";"";""
"";"";"";"";"";"";"";"";"";"";"";"";"";"";"";"";"";"";"";"";"";"";"";"";"";"";"";"Norev";"";"";"";"";"";"";"";"";"";"";"";"";"";"";"";"";"";"";"";"Plus de 500 jetons";"";"";"";"";"Livre-jeu, LDVELH";"";"";"";"";""
"";"";"";"";"";"";"";"";"";"";"";"";"";"";"";"";"";"";"";"";"";"";"";"";"";"";"";"Novarossi";"";"";"";"";"";"";"";"";"";"";"";"";"";"";"";"";"";"";"";"Pneu";"";"";"";"";"Locomotive";"";"";"";"";""
"";"";"";"";"";"";"";"";"";"";"";"";"";"";"";"";"";"";"";"";"";"";"";"";"";"";"";"Novi Stars";"";"";"";"";"";"";"";"";"";"";"";"";"";"";"";"";"";"";"";"Pneus, Roues";"";"";"";"";"Logique, Sudoku";"";"";"";"";""
"";"";"";"";"";"";"";"";"";"";"";"";"";"";"";"";"";"";"";"";"";"";"";"";"";"";"";"OS Engine";"";"";"";"";"";"";"";"";"";"";"";"";"";"";"";"";"";"";"";"Poker";"";"";"";"";"Lot";"";"";"";"";""
"";"";"";"";"";"";"";"";"";"";"";"";"";"";"";"";"";"";"";"";"";"";"";"";"";"";"";"Opel";"";"";"";"";"";"";"";"";"";"";"";"";"";"";"";"";"";"";"";"Pont";"";"";"";"";"Lot de cartes";"";"";"";"";""
"";"";"";"";"";"";"";"";"";"";"";"";"";"";"";"";"";"";"";"";"";"";"";"";"";"";"";"Orion";"";"";"";"";"";"";"";"";"";"";"";"";"";"";"";"";"";"";"";"Porsche";"";"";"";"";"Lunettes";"";"";"";"";""
"";"";"";"";"";"";"";"";"";"";"";"";"";"";"";"";"";"";"";"";"";"";"";"";"";"";"";"Oui-oui";"";"";"";"";"";"";"";"";"";"";"";"";"";"";"";"";"";"";"";"Portique multi-activites";"";"";"";"";"Machine a sous, Jackpot";"";"";"";"";""
"";"";"";"";"";"";"";"";"";"";"";"";"";"";"";"";"";"";"";"";"";"";"";"";"";"";"";"Panhard";"";"";"";"";"";"";"";"";"";"";"";"";"";"";"";"";"";"";"";"Poule";"";"";"";"";"Maison de poupee";"";"";"";"";""
"";"";"";"";"";"";"";"";"";"";"";"";"";"";"";"";"";"";"";"";"";"";"";"";"";"";"";"Papo";"";"";"";"";"";"";"";"";"";"";"";"";"";"";"";"";"";"";"";"Pour marchandises";"";"";"";"";"Maison de poupée";"";"";"";"";""
"";"";"";"";"";"";"";"";"";"";"";"";"";"";"";"";"";"";"";"";"";"";"";"";"";"";"";"Parma";"";"";"";"";"";"";"";"";"";"";"";"";"";"";"";"";"";"";"";"Pour voyageurs";"";"";"";"";"Maison enfant";"";"";"";"";""
"";"";"";"";"";"";"";"";"";"";"";"";"";"";"";"";"";"";"";"";"";"";"";"";"";"";"";"Passat";"";"";"";"";"";"";"";"";"";"";"";"";"";"";"";"";"";"";"";"Promenade";"";"";"";"";"Malette casino";"";"";"";"";""
"";"";"";"";"";"";"";"";"";"";"";"";"";"";"";"";"";"";"";"";"";"";"";"";"";"";"";"Paulson";"";"";"";"";"";"";"";"";"";"";"";"";"";"";"";"";"";"";"";"Protege-cartes, Pochette";"";"";"";"";"Malette, Coffret Poker";"";"";"";"";""
"";"";"";"";"";"";"";"";"";"";"";"";"";"";"";"";"";"";"";"";"";"";"";"";"";"";"";"Petiot";"";"";"";"";"";"";"";"";"";"";"";"";"";"";"";"";"";"";"";"Quete du Graal";"";"";"";"";"Manteau, Veste";"";"";"";"";""
"";"";"";"";"";"";"";"";"";"";"";"";"";"";"";"";"";"";"";"";"";"";"";"";"";"";"";"Petit Collin";"";"";"";"";"";"";"";"";"";"";"";"";"";"";"";"";"";"";"";"RPG Magazine";"";"";"";"";"Mappemonde";"";"";"";"";""
"";"";"";"";"";"";"";"";"";"";"";"";"";"";"";"";"";"";"";"";"";"";"";"";"";"";"";"Peugeot";"";"";"";"";"";"";"";"";"";"";"";"";"";"";"";"";"";"";"";"Radio";"";"";"";"";"Maquette";"";"";"";"";""
"";"";"";"";"";"";"";"";"";"";"";"";"";"";"";"";"";"";"";"";"";"";"";"";"";"";"";"Peynet";"";"";"";"";"";"";"";"";"";"";"";"";"";"";"";"";"";"";"";"Rail";"";"";"";"";"Maquillage";"";"";"";"";""
"";"";"";"";"";"";"";"";"";"";"";"";"";"";"";"";"";"";"";"";"";"";"";"";"";"";"";"Piatnik";"";"";"";"";"";"";"";"";"";"";"";"";"";"";"";"";"";"";"";"Rangement";"";"";"";"";"Marionnette";"";"";"";"";""
"";"";"";"";"";"";"";"";"";"";"";"";"";"";"";"";"";"";"";"";"";"";"";"";"";"";"";"Picco";"";"";"";"";"";"";"";"";"";"";"";"";"";"";"";"";"";"";"";"Recepteur";"";"";"";"";"Marionnette (A enfiler)";"";"";"";"";""
"";"";"";"";"";"";"";"";"";"";"";"";"";"";"";"";"";"";"";"";"";"";"";"";"";"";"";"Piko";"";"";"";"";"";"";"";"";"";"";"";"";"";"";"";"";"";"";"";"Renault";"";"";"";"";"Marionnette (A fils)";"";"";"";"";""
"";"";"";"";"";"";"";"";"";"";"";"";"";"";"";"";"";"";"";"";"";"";"";"";"";"";"";"Pirate des Caraïbes";"";"";"";"";"";"";"";"";"";"";"";"";"";"";"";"";"";"";"";"Resine";"";"";"";"";"Masque";"";"";"";"";""
"";"";"";"";"";"";"";"";"";"";"";"";"";"";"";"";"";"";"";"";"";"";"";"";"";"";"";"Pixi";"";"";"";"";"";"";"";"";"";"";"";"";"";"";"";"";"";"";"";"Robe";"";"";"";"";"Memorisation";"";"";"";"";""
"";"";"";"";"";"";"";"";"";"";"";"";"";"";"";"";"";"";"";"";"";"";"";"";"";"";"";"Plafit";"";"";"";"";"";"";"";"";"";"";"";"";"";"";"";"";"";"";"";"Robot";"";"";"";"";"Microscope";"";"";"";"";""
"";"";"";"";"";"";"";"";"";"";"";"";"";"";"";"";"";"";"";"";"";"";"";"";"";"";"";"Plastoy";"";"";"";"";"";"";"";"";"";"";"";"";"";"";"";"";"";"";"";"Sabot, Melangeur";"";"";"";"";"Mobilier de poupee";"";"";"";"";""
"";"";"";"";"";"";"";"";"";"";"";"";"";"";"";"";"";"";"";"";"";"";"";"";"";"";"";"Playmobil";"";"";"";"";"";"";"";"";"";"";"";"";"";"";"";"";"";"";"";"Sac";"";"";"";"";"Moto";"";"";"";"";""
"";"";"";"";"";"";"";"";"";"";"";"";"";"";"";"";"";"";"";"";"";"";"";"";"";"";"";"Plus Model";"";"";"";"";"";"";"";"";"";"";"";"";"";"";"";"";"";"";"";"Serre-tete";"";"";"";"";"Moulage";"";"";"";"";""
"";"";"";"";"";"";"";"";"";"";"";"";"";"";"";"";"";"";"";"";"";"";"";"";"";"";"";"Pokemon";"";"";"";"";"";"";"";"";"";"";"";"";"";"";"";"";"";"";"";"Servo";"";"";"";"";"Musique";"";"";"";"";""
"";"";"";"";"";"";"";"";"";"";"";"";"";"";"";"";"";"";"";"";"";"";"";"";"";"";"";"Poli Robocar";"";"";"";"";"";"";"";"";"";"";"";"";"";"";"";"";"";"";"";"Set de billes";"";"";"";"";"Naval";"";"";"";"";""
"";"";"";"";"";"";"";"";"";"";"";"";"";"";"";"";"";"";"";"";"";"";"";"";"";"";"";"Polistil";"";"";"";"";"";"";"";"";"";"";"";"";"";"";"";"";"";"";"";"Singe";"";"";"";"";"Notices, Catalogues";"";"";"";"";""
"";"";"";"";"";"";"";"";"";"";"";"";"";"";"";"";"";"";"";"";"";"";"";"";"";"";"";"Polly Pocket";"";"";"";"";"";"";"";"";"";"";"";"";"";"";"";"";"";"";"";"Sorcellerie";"";"";"";"";"Observation, Differences";"";"";"";"";""
"";"";"";"";"";"";"";"";"";"";"";"";"";"";"";"";"";"";"";"";"";"";"";"";"";"";"";"Pontiac";"";"";"";"";"";"";"";"";"";"";"";"";"";"";"";"";"";"";"";"Sous-marin";"";"";"";"";"Oracle";"";"";"";"";""
"";"";"";"";"";"";"";"";"";"";"";"";"";"";"";"";"";"";"";"";"";"";"";"";"";"";"";"Porsche";"";"";"";"";"";"";"";"";"";"";"";"";"";"";"";"";"";"";"";"Special";"";"";"";"";"Ordinateur éducatif";"";"";"";"";""
"";"";"";"";"";"";"";"";"";"";"";"";"";"";"";"";"";"";"";"";"";"";"";"";"";"";"";"Power Rangers";"";"";"";"";"";"";"";"";"";"";"";"";"";"";"";"";"";"";"";"Stand";"";"";"";"";"Paintball";"";"";"";"";""
"";"";"";"";"";"";"";"";"";"";"";"";"";"";"";"";"";"";"";"";"";"";"";"";"";"";"";"Preiser";"";"";"";"";"";"";"";"";"";"";"";"";"";"";"";"";"";"";"";"Starter, Demarrage";"";"";"";"";"Panier de basket";"";"";"";"";""
"";"";"";"";"";"";"";"";"";"";"";"";"";"";"";"";"";"";"";"";"";"";"";"";"";"";"";"Pronea";"";"";"";"";"";"";"";"";"";"";"";"";"";"";"";"";"";"";"";"Table";"";"";"";"";"Pantalon";"";"";"";"";""
"";"";"";"";"";"";"";"";"";"";"";"";"";"";"";"";"";"";"";"";"";"";"";"";"";"";"";"Pucca";"";"";"";"";"";"";"";"";"";"";"";"";"";"";"";"";"";"";"";"Table + Billes";"";"";"";"";"Pelle";"";"";"";"";""
"";"";"";"";"";"";"";"";"";"";"";"";"";"";"";"";"";"";"";"";"";"";"";"";"";"";"";"Quiralu";"";"";"";"";"";"";"";"";"";"";"";"";"";"";"";"";"";"";"";"Table de billard";"";"";"";"";"Peluche";"";"";"";"";""
"";"";"";"";"";"";"";"";"";"";"";"";"";"";"";"";"";"";"";"";"";"";"";"";"";"";"";"Racer";"";"";"";"";"";"";"";"";"";"";"";"";"";"";"";"";"";"";"";"Tableaux, Scenes mecaniques";"";"";"";"";"Perles";"";"";"";"";""
"";"";"";"";"";"";"";"";"";"";"";"";"";"";"";"";"";"";"";"";"";"";"";"";"";"";"";"Rami";"";"";"";"";"";"";"";"";"";"";"";"";"";"";"";"";"";"";"";"Tambour";"";"";"";"";"Perroquet";"";"";"";"";""
"";"";"";"";"";"";"";"";"";"";"";"";"";"";"";"";"";"";"";"";"";"";"";"";"";"";"";"Raptor";"";"";"";"";"";"";"";"";"";"";"";"";"";"";"";"";"";"";"";"Tapis de danse";"";"";"";"";"Perruque";"";"";"";"";""
"";"";"";"";"";"";"";"";"";"";"";"";"";"";"";"";"";"";"";"";"";"";"";"";"";"";"";"Ratatouille";"";"";"";"";"";"";"";"";"";"";"";"";"";"";"";"";"";"";"";"Tenue complete";"";"";"";"";"Personnage civil";"";"";"";"";""
"";"";"";"";"";"";"";"";"";"";"";"";"";"";"";"";"";"";"";"";"";"";"";"";"";"";"";"Ravensburger";"";"";"";"";"";"";"";"";"";"";"";"";"";"";"";"";"";"";"";"Tete";"";"";"";"";"Personnage historique";"";"";"";"";""
"";"";"";"";"";"";"";"";"";"";"";"";"";"";"";"";"";"";"";"";"";"";"";"";"";"";"";"Raynal";"";"";"";"";"";"";"";"";"";"";"";"";"";"";"";"";"";"";"";"Thermique";"";"";"";"";"Personnel hospitalier";"";"";"";"";""
"";"";"";"";"";"";"";"";"";"";"";"";"";"";"";"";"";"";"";"";"";"";"";"";"";"";"";"Rb";"";"";"";"";"";"";"";"";"";"";"";"";"";"";"";"";"";"";"";"Toboggan";"";"";"";"";"Piano";"";"";"";"";""
"";"";"";"";"";"";"";"";"";"";"";"";"";"";"";"";"";"";"";"";"";"";"";"";"";"";"";"Renault";"";"";"";"";"";"";"";"";"";"";"";"";"";"";"";"";"";"";"";"Tortue";"";"";"";"";"Piece detachee";"";"";"";"";""
"";"";"";"";"";"";"";"";"";"";"";"";"";"";"";"";"";"";"";"";"";"";"";"";"";"";"";"Rene Pierre";"";"";"";"";"";"";"";"";"";"";"";"";"";"";"";"";"";"";"";"Tour de cartes";"";"";"";"";"Piece detachee d'automate";"";"";"";"";""
"";"";"";"";"";"";"";"";"";"";"";"";"";"";"";"";"";"";"";"";"";"";"";"";"";"";"";"Revell";"";"";"";"";"";"";"";"";"";"";"";"";"";"";"";"";"";"";"";"Tour de controle";"";"";"";"";"Piece detachee de robot";"";"";"";"";""
"";"";"";"";"";"";"";"";"";"";"";"";"";"";"";"";"";"";"";"";"";"";"";"";"";"";"";"Rico";"";"";"";"";"";"";"";"";"";"";"";"";"";"";"";"";"";"";"";"Tour de disparition, evasion";"";"";"";"";"Pieces mecaniques";"";"";"";"";""
"";"";"";"";"";"";"";"";"";"";"";"";"";"";"";"";"";"";"";"";"";"";"";"";"";"";"";"Rivarossi";"";"";"";"";"";"";"";"";"";"";"";"";"";"";"";"";"";"";"";"Tour de levitation";"";"";"";"";"Pinceaux";"";"";"";"";""
"";"";"";"";"";"";"";"";"";"";"";"";"";"";"";"";"";"";"";"";"";"";"";"";"";"";"";"Robbe";"";"";"";"";"";"";"";"";"";"";"";"";"";"";"";"";"";"";"";"Tour de mentalisme";"";"";"";"";"Ping-pong";"";"";"";"";""
"";"";"";"";"";"";"";"";"";"";"";"";"";"";"";"";"";"";"";"";"";"";"";"";"";"";"";"Roberto Sport";"";"";"";"";"";"";"";"";"";"";"";"";"";"";"";"";"";"";"";"Tour de scene";"";"";"";"";"Planeur";"";"";"";"";""
"";"";"";"";"";"";"";"";"";"";"";"";"";"";"";"";"";"";"";"";"";"";"";"";"";"";"";"Robocar Poli";"";"";"";"";"";"";"";"";"";"";"";"";"";"";"";"";"";"";"";"Tout-terrain";"";"";"";"";"Poignee";"";"";"";"";""
"";"";"";"";"";"";"";"";"";"";"";"";"";"";"";"";"";"";"";"";"";"";"";"";"";"";"";"Roco";"";"";"";"";"";"";"";"";"";"";"";"";"";"";"";"";"";"";"";"Toyota";"";"";"";"";"Portique";"";"";"";"";""
"";"";"";"";"";"";"";"";"";"";"";"";"";"";"";"";"";"";"";"";"";"";"";"";"";"";"";"Rolls-Royce";"";"";"";"";"";"";"";"";"";"";"";"";"";"";"";"";"";"";"";"Tracteur";"";"";"";"";"Poupee";"";"";"";"";""
"";"";"";"";"";"";"";"";"";"";"";"";"";"";"";"";"";"";"";"";"";"";"";"";"";"";"";"Rossignol";"";"";"";"";"";"";"";"";"";"";"";"";"";"";"";"";"";"";"";"Train";"";"";"";"";"Poupee ancienne (avant 1930)";"";"";"";"";""
"";"";"";"";"";"";"";"";"";"";"";"";"";"";"";"";"";"";"";"";"";"";"";"";"";"";"";"Rover";"";"";"";"";"";"";"";"";"";"";"";"";"";"";"";"";"";"";"";"Trampoline";"";"";"";"";"Poupee mannequin avant 1973";"";"";"";"";""
"";"";"";"";"";"";"";"";"";"";"";"";"";"";"";"";"";"";"";"";"";"";"";"";"";"";"";"Rutten";"";"";"";"";"";"";"";"";"";"";"";"";"";"";"";"";"";"";"";"Tunnel";"";"";"";"";"Poupee mannequin depuis 1973";"";"";"";"";""
"";"";"";"";"";"";"";"";"";"";"";"";"";"";"";"";"";"";"";"";"";"";"";"";"";"";"";"SCX";"";"";"";"";"";"";"";"";"";"";"";"";"";"";"";"";"";"";"";"Vache";"";"";"";"";"Poupee moderne (depuis 1980)";"";"";"";"";""
"";"";"";"";"";"";"";"";"";"";"";"";"";"";"";"";"";"";"";"";"";"";"";"";"";"";"";"SFBJ";"";"";"";"";"";"";"";"";"";"";"";"";"";"";"";"";"";"";"";"Vae Victis";"";"";"";"";"Poupee vintage (1930-1980)";"";"";"";"";""
"";"";"";"";"";"";"";"";"";"";"";"";"";"";"";"";"";"";"";"";"";"";"";"";"";"";"";"SMCF";"";"";"";"";"";"";"";"";"";"";"";"";"";"";"";"";"";"";"";"Vaisselle";"";"";"";"";"Poupée";"";"";"";"";""
"";"";"";"";"";"";"";"";"";"";"";"";"";"";"";"";"";"";"";"";"";"";"";"";"";"";"";"Sanwa";"";"";"";"";"";"";"";"";"";"";"";"";"";"";"";"";"";"";"";"Vapeur";"";"";"";"";"Produit derive";"";"";"";"";""
"";"";"";"";"";"";"";"";"";"";"";"";"";"";"";"";"";"";"";"";"";"";"";"";"";"";"";"Savage";"";"";"";"";"";"";"";"";"";"";"";"";"";"";"";"";"";"";"";"Variateur";"";"";"";"";"Ps Vita";"";"";"";"";""
"";"";"";"";"";"";"";"";"";"";"";"";"";"";"";"";"";"";"";"";"";"";"";"";"";"";"";"Scalextric";"";"";"";"";"";"";"";"";"";"";"";"";"";"";"";"";"";"";"";"Vehicule a pedales";"";"";"";"";"Ps3";"";"";"";"";""
"";"";"";"";"";"";"";"";"";"";"";"";"";"";"";"";"";"";"";"";"";"";"";"";"";"";"";"Scania";"";"";"";"";"";"";"";"";"";"";"";"";"";"";"";"";"";"";"";"Velo";"";"";"";"";"Ps4";"";"";"";"";""
"";"";"";"";"";"";"";"";"";"";"";"";"";"";"";"";"";"";"";"";"";"";"";"";"";"";"";"Schleich";"";"";"";"";"";"";"";"";"";"";"";"";"";"";"";"";"";"";"";"Vetement";"";"";"";"";"Psp";"";"";"";"";""
"";"";"";"";"";"";"";"";"";"";"";"";"";"";"";"";"";"";"";"";"";"";"";"";"";"";"";"Schuco";"";"";"";"";"";"";"";"";"";"";"";"";"";"";"";"";"";"";"";"Vetement pour enfant";"";"";"";"";"Puzzle";"";"";"";"";""
"";"";"";"";"";"";"";"";"";"";"";"";"";"";"";"";"";"";"";"";"";"";"";"";"";"";"";"Schumacher";"";"";"";"";"";"";"";"";"";"";"";"";"";"";"";"";"";"";"";"Vetements";"";"";"";"";"Puzzle 3D";"";"";"";"";""
"";"";"";"";"";"";"";"";"";"";"";"";"";"";"";"";"";"";"";"";"";"";"";"";"";"";"";"Serpent";"";"";"";"";"";"";"";"";"";"";"";"";"";"";"";"";"";"";"";"Vide";"";"";"";"";"Puzzle en bois";"";"";"";"";""
"";"";"";"";"";"";"";"";"";"";"";"";"";"";"";"";"";"";"";"";"";"";"";"";"";"";"";"Shrek";"";"";"";"";"";"";"";"";"";"";"";"";"";"";"";"";"";"";"";"Ville, Campagne";"";"";"";"";"Puzzle en bois avec bouton";"";"";"";"";""
"";"";"";"";"";"";"";"";"";"";"";"";"";"";"";"";"";"";"";"";"";"";"";"";"";"";"";"Sideshow";"";"";"";"";"";"";"";"";"";"";"";"";"";"";"";"";"";"";"";"Virage releve";"";"";"";"";"Puzzle en carton 2D";"";"";"";"";""
"";"";"";"";"";"";"";"";"";"";"";"";"";"";"";"";"";"";"";"";"";"";"";"";"";"";"";"Siku";"";"";"";"";"";"";"";"";"";"";"";"";"";"";"";"";"";"";"";"Viseur";"";"";"";"";"Pâte à modeler";"";"";"";"";""
"";"";"";"";"";"";"";"";"";"";"";"";"";"";"";"";"";"";"";"";"";"";"";"";"";"";"";"Simca";"";"";"";"";"";"";"";"";"";"";"";"";"";"";"";"";"";"";"";"Vitrine";"";"";"";"";"Pâte à sel";"";"";"";"";""
"";"";"";"";"";"";"";"";"";"";"";"";"";"";"";"";"";"";"";"";"";"";"";"";"";"";"";"Simpson's";"";"";"";"";"";"";"";"";"";"";"";"";"";"";"";"";"";"";"";"Voilier";"";"";"";"";"Quiz";"";"";"";"";""
"";"";"";"";"";"";"";"";"";"";"";"";"";"";"";"";"";"";"";"";"";"";"";"";"";"";"";"Sirio";"";"";"";"";"";"";"";"";"";"";"";"";"";"";"";"";"";"";"";"Voiture";"";"";"";"";"Radiocommande";"";"";"";"";""
"";"";"";"";"";"";"";"";"";"";"";"";"";"";"";"";"";"";"";"";"";"";"";"";"";"";"";"Slot-It";"";"";"";"";"";"";"";"";"";"";"";"";"";"";"";"";"";"";"";"White Dwarf";"";"";"";"";"Range pyjama";"";"";"";"";""
"";"";"";"";"";"";"";"";"";"";"";"";"";"";"";"";"";"";"";"";"";"";"";"";"";"";"";"Sloter";"";"";"";"";"";"";"";"";"";"";"";"";"";"";"";"";"";"";"";"Xylophone";"";"";"";"";"Raquette ping pong";"";"";"";"";""
"";"";"";"";"";"";"";"";"";"";"";"";"";"";"";"";"";"";"";"";"";"";"";"";"";"";"";"Solid Theater";"";"";"";"";"";"";"";"";"";"";"";"";"";"";"";"";"";"";"";"Yeux";"";"";"";"";"Raquettes de plage";"";"";"";"";""
"";"";"";"";"";"";"";"";"";"";"";"";"";"";"";"";"";"";"";"";"";"";"";"";"";"";"";"Solido";"";"";"";"";"";"";"";"";"";"";"";"";"";"";"";"";"";"";"";"Zebre";"";"";"";"";"Recharge";"";"";"";"";""
"";"";"";"";"";"";"";"";"";"";"";"";"";"";"";"";"";"";"";"";"";"";"";"";"";"";"";"Speed Racer";"";"";"";"";"";"";"";"";"";"";"";"";"";"";"";"";"";"";"";"";"";"";"";"";"Revue, Document";"";"";"";"";""
"";"";"";"";"";"";"";"";"";"";"";"";"";"";"";"";"";"";"";"";"";"";"";"";"";"";"";"Spektrum";"";"";"";"";"";"";"";"";"";"";"";"";"";"";"";"";"";"";"";"";"";"";"";"";"Revue, Livre";"";"";"";"";""
"";"";"";"";"";"";"";"";"";"";"";"";"";"";"";"";"";"";"";"";"";"";"";"";"";"";"";"Spiderman";"";"";"";"";"";"";"";"";"";"";"";"";"";"";"";"";"";"";"";"";"";"";"";"";"Revue, Magazine";"";"";"";"";""
"";"";"";"";"";"";"";"";"";"";"";"";"";"";"";"";"";"";"";"";"";"";"";"";"";"";"";"Spirit";"";"";"";"";"";"";"";"";"";"";"";"";"";"";"";"";"";"";"";"";"";"";"";"";"Robe";"";"";"";"";""
"";"";"";"";"";"";"";"";"";"";"";"";"";"";"";"";"";"";"";"";"";"";"";"";"";"";"";"Star Wars";"";"";"";"";"";"";"";"";"";"";"";"";"";"";"";"";"";"";"";"";"";"";"";"";"Robot";"";"";"";"";""
"";"";"";"";"";"";"";"";"";"";"";"";"";"";"";"";"";"";"";"";"";"";"";"";"";"";"";"Starlux";"";"";"";"";"";"";"";"";"";"";"";"";"";"";"";"";"";"";"";"";"";"";"";"";"Roller";"";"";"";"";""
"";"";"";"";"";"";"";"";"";"";"";"";"";"";"";"";"";"";"";"";"";"";"";"";"";"";"";"Steiner";"";"";"";"";"";"";"";"";"";"";"";"";"";"";"";"";"";"";"";"";"";"";"";"";"Roulette";"";"";"";"";""
"";"";"";"";"";"";"";"";"";"";"";"";"";"";"";"";"";"";"";"";"";"";"";"";"";"";"";"Stella";"";"";"";"";"";"";"";"";"";"";"";"";"";"";"";"";"";"";"";"";"";"";"";"";"Sciences, Experiences";"";"";"";"";""
"";"";"";"";"";"";"";"";"";"";"";"";"";"";"";"";"";"";"";"";"";"";"";"";"";"";"";"Strombecker";"";"";"";"";"";"";"";"";"";"";"";"";"";"";"";"";"";"";"";"";"";"";"";"";"Short";"";"";"";"";""
"";"";"";"";"";"";"";"";"";"";"";"";"";"";"";"";"";"";"";"";"";"";"";"";"";"";"";"Subaru";"";"";"";"";"";"";"";"";"";"";"";"";"";"";"";"";"";"";"";"";"";"";"";"";"Skate board";"";"";"";"";""
"";"";"";"";"";"";"";"";"";"";"";"";"";"";"";"";"";"";"";"";"";"";"";"";"";"";"";"Sulpie";"";"";"";"";"";"";"";"";"";"";"";"";"";"";"";"";"";"";"";"";"";"";"";"";"Soldat d'artillerie";"";"";"";"";""
"";"";"";"";"";"";"";"";"";"";"";"";"";"";"";"";"";"";"";"";"";"";"";"";"";"";"";"Supermag";"";"";"";"";"";"";"";"";"";"";"";"";"";"";"";"";"";"";"";"";"";"";"";"";"Soldat d'infanterie";"";"";"";"";""
"";"";"";"";"";"";"";"";"";"";"";"";"";"";"";"";"";"";"";"";"";"";"";"";"";"";"";"Superman";"";"";"";"";"";"";"";"";"";"";"";"";"";"";"";"";"";"";"";"";"";"";"";"";"Soldat de cavalerie";"";"";"";"";""
"";"";"";"";"";"";"";"";"";"";"";"";"";"";"";"";"";"";"";"";"";"";"";"";"";"";"";"Suzuki";"";"";"";"";"";"";"";"";"";"";"";"";"";"";"";"";"";"";"";"";"";"";"";"";"Soldat de l'aviation";"";"";"";"";""
"";"";"";"";"";"";"";"";"";"";"";"";"";"";"";"";"";"";"";"";"";"";"";"";"";"";"";"T2M";"";"";"";"";"";"";"";"";"";"";"";"";"";"";"";"";"";"";"";"";"";"";"";"";"Soldat de la marine";"";"";"";"";""
"";"";"";"";"";"";"";"";"";"";"";"";"";"";"";"";"";"";"";"";"";"";"";"";"";"";"";"TCR";"";"";"";"";"";"";"";"";"";"";"";"";"";"";"";"";"";"";"";"";"";"";"";"";"Spatial";"";"";"";"";""
"";"";"";"";"";"";"";"";"";"";"";"";"";"";"";"";"";"";"";"";"";"";"";"";"";"";"";"Tamiya";"";"";"";"";"";"";"";"";"";"";"";"";"";"";"";"";"";"";"";"";"";"";"";"";"Spirale";"";"";"";"";""
"";"";"";"";"";"";"";"";"";"";"";"";"";"";"";"";"";"";"";"";"";"";"";"";"";"";"";"Teamslot";"";"";"";"";"";"";"";"";"";"";"";"";"";"";"";"";"";"";"";"";"";"";"";"";"Statue";"";"";"";"";""
"";"";"";"";"";"";"";"";"";"";"";"";"";"";"";"";"";"";"";"";"";"";"";"";"";"";"";"Teifoc";"";"";"";"";"";"";"";"";"";"";"";"";"";"";"";"";"";"";"";"";"";"";"";"";"Support";"";"";"";"";""
"";"";"";"";"";"";"";"";"";"";"";"";"";"";"";"";"";"";"";"";"";"";"";"";"";"";"";"Tex Avery";"";"";"";"";"";"";"";"";"";"";"";"";"";"";"";"";"";"";"";"";"";"";"";"";"Support pour circuit";"";"";"";"";""
"";"";"";"";"";"";"";"";"";"";"";"";"";"";"";"";"";"";"";"";"";"";"";"";"";"";"";"The Clone Wars";"";"";"";"";"";"";"";"";"";"";"";"";"";"";"";"";"";"";"";"";"";"";"";"";"Table de jeu";"";"";"";"";""
"";"";"";"";"";"";"";"";"";"";"";"";"";"";"";"";"";"";"";"";"";"";"";"";"";"";"";"Thunder Tiger";"";"";"";"";"";"";"";"";"";"";"";"";"";"";"";"";"";"";"";"";"";"";"";"";"Table de jeux";"";"";"";"";""
"";"";"";"";"";"";"";"";"";"";"";"";"";"";"";"";"";"";"";"";"";"";"";"";"";"";"";"Tipcco";"";"";"";"";"";"";"";"";"";"";"";"";"";"";"";"";"";"";"";"";"";"";"";"";"Table de ping pong";"";"";"";"";""
"";"";"";"";"";"";"";"";"";"";"";"";"";"";"";"";"";"";"";"";"";"";"";"";"";"";"";"Tortues Ninja";"";"";"";"";"";"";"";"";"";"";"";"";"";"";"";"";"";"";"";"";"";"";"";"";"Talkie walkie";"";"";"";"";""
"";"";"";"";"";"";"";"";"";"";"";"";"";"";"";"";"";"";"";"";"";"";"";"";"";"";"";"Totally Spies";"";"";"";"";"";"";"";"";"";"";"";"";"";"";"";"";"";"";"";"";"";"";"";"";"Tapis";"";"";"";"";""
"";"";"";"";"";"";"";"";"";"";"";"";"";"";"";"";"";"";"";"";"";"";"";"";"";"";"";"Toy Story";"";"";"";"";"";"";"";"";"";"";"";"";"";"";"";"";"";"";"";"";"";"";"";"";"Tapis d'éveil";"";"";"";"";""
"";"";"";"";"";"";"";"";"";"";"";"";"";"";"";"";"";"";"";"";"";"";"";"";"";"";"";"Transformers";"";"";"";"";"";"";"";"";"";"";"";"";"";"";"";"";"";"";"";"";"";"";"";"";"Tarot";"";"";"";"";""
"";"";"";"";"";"";"";"";"";"";"";"";"";"";"";"";"";"";"";"";"";"";"";"";"";"";"";"Traxxas";"";"";"";"";"";"";"";"";"";"";"";"";"";"";"";"";"";"";"";"";"";"";"";"";"Tatouage";"";"";"";"";""
"";"";"";"";"";"";"";"";"";"";"";"";"";"";"";"";"";"";"";"";"";"";"";"";"";"";"";"Trex";"";"";"";"";"";"";"";"";"";"";"";"";"";"";"";"";"";"";"";"";"";"";"";"";"Temps, Heure";"";"";"";"";""
"";"";"";"";"";"";"";"";"";"";"";"";"";"";"";"";"";"";"";"";"";"";"";"";"";"";"";"Triumph";"";"";"";"";"";"";"";"";"";"";"";"";"";"";"";"";"";"";"";"";"";"";"";"";"Tete a coiffer";"";"";"";"";""
"";"";"";"";"";"";"";"";"";"";"";"";"";"";"";"";"";"";"";"";"";"";"";"";"";"";"";"Trix";"";"";"";"";"";"";"";"";"";"";"";"";"";"";"";"";"";"";"";"";"";"";"";"";"Theatre de marionnettes";"";"";"";"";""
"";"";"";"";"";"";"";"";"";"";"";"";"";"";"";"";"";"";"";"";"";"";"";"";"";"";"";"Trumpeter";"";"";"";"";"";"";"";"";"";"";"";"";"";"";"";"";"";"";"";"";"";"";"";"";"Tiges souples et connecteurs";"";"";"";"";""
"";"";"";"";"";"";"";"";"";"";"";"";"";"";"";"";"";"";"";"";"";"";"";"";"";"";"";"Tut Tut Bolides";"";"";"";"";"";"";"";"";"";"";"";"";"";"";"";"";"";"";"";"";"";"";"";"";"Tir a l'arc";"";"";"";"";""
"";"";"";"";"";"";"";"";"";"";"";"";"";"";"";"";"";"";"";"";"";"";"";"";"";"";"";"Tyco";"";"";"";"";"";"";"";"";"";"";"";"";"";"";"";"";"";"";"";"";"";"";"";"";"Toboggan";"";"";"";"";""
"";"";"";"";"";"";"";"";"";"";"";"";"";"";"";"";"";"";"";"";"";"";"";"";"";"";"";"University Games";"";"";"";"";"";"";"";"";"";"";"";"";"";"";"";"";"";"";"";"";"";"";"";"";"Toupie";"";"";"";"";""
"";"";"";"";"";"";"";"";"";"";"";"";"";"";"";"";"";"";"";"";"";"";"";"";"";"";"";"Vanalo";"";"";"";"";"";"";"";"";"";"";"";"";"";"";"";"";"";"";"";"";"";"";"";"";"Train";"";"";"";"";""
"";"";"";"";"";"";"";"";"";"";"";"";"";"";"";"";"";"";"";"";"";"";"";"";"";"";"";"Verlinden";"";"";"";"";"";"";"";"";"";"";"";"";"";"";"";"";"";"";"";"";"";"";"";"";"Trampoline";"";"";"";"";""
"";"";"";"";"";"";"";"";"";"";"";"";"";"";"";"";"";"";"";"";"";"";"";"";"";"";"";"Vilac";"";"";"";"";"";"";"";"";"";"";"";"";"";"";"";"";"";"";"";"";"";"";"";"";"Trapèze";"";"";"";"";""
"";"";"";"";"";"";"";"";"";"";"";"";"";"";"";"";"";"";"";"";"";"";"";"";"";"";"";"Volkswagen";"";"";"";"";"";"";"";"";"";"";"";"";"";"";"";"";"";"";"";"";"";"";"";"";"Tricycle";"";"";"";"";""
"";"";"";"";"";"";"";"";"";"";"";"";"";"";"";"";"";"";"";"";"";"";"";"";"";"";"";"Volvo";"";"";"";"";"";"";"";"";"";"";"";"";"";"";"";"";"";"";"";"";"";"";"";"";"Trotinette";"";"";"";"";""
"";"";"";"";"";"";"";"";"";"";"";"";"";"";"";"";"";"";"";"";"";"";"";"";"";"";"";"W.W. Entertainment Inc.";"";"";"";"";"";"";"";"";"";"";"";"";"";"";"";"";"";"";"";"";"";"";"";"";"Trotteur";"";"";"";"";""
"";"";"";"";"";"";"";"";"";"";"";"";"";"";"";"";"";"";"";"";"";"";"";"";"";"";"";"WPT, World Poker Tour";"";"";"";"";"";"";"";"";"";"";"";"";"";"";"";"";"";"";"";"";"";"";"";"";"Tête à coiffer";"";"";"";"";""
"";"";"";"";"";"";"";"";"";"";"";"";"";"";"";"";"";"";"";"";"";"";"";"";"";"";"";"WWE";"";"";"";"";"";"";"";"";"";"";"";"";"";"";"";"";"";"";"";"";"";"";"";"";"Uno";"";"";"";"";""
"";"";"";"";"";"";"";"";"";"";"";"";"";"";"";"";"";"";"";"";"";"";"";"";"";"";"";"Walkera";"";"";"";"";"";"";"";"";"";"";"";"";"";"";"";"";"";"";"";"";"";"";"";"";"Vaisseau spatial";"";"";"";"";""
"";"";"";"";"";"";"";"";"";"";"";"";"";"";"";"";"";"";"";"";"";"";"";"";"";"";"";"Wall-E";"";"";"";"";"";"";"";"";"";"";"";"";"";"";"";"";"";"";"";"";"";"";"";"";"Vehicule agricole";"";"";"";"";""
"";"";"";"";"";"";"";"";"";"";"";"";"";"";"";"";"";"";"";"";"";"";"";"";"";"";"";"Winnie";"";"";"";"";"";"";"";"";"";"";"";"";"";"";"";"";"";"";"";"";"";"";"";"";"Vehicule de construction";"";"";"";"";""
"";"";"";"";"";"";"";"";"";"";"";"";"";"";"";"";"";"";"";"";"";"";"";"";"";"";"";"Winx";"";"";"";"";"";"";"";"";"";"";"";"";"";"";"";"";"";"";"";"";"";"";"";"";"Vehicule de police";"";"";"";"";""
"";"";"";"";"";"";"";"";"";"";"";"";"";"";"";"";"";"";"";"";"";"";"";"";"";"";"";"Woodcraft";"";"";"";"";"";"";"";"";"";"";"";"";"";"";"";"";"";"";"";"";"";"";"";"";"Vehicule de pompier";"";"";"";"";""
"";"";"";"";"";"";"";"";"";"";"";"";"";"";"";"";"";"";"";"";"";"";"";"";"";"";"";"Yamaha";"";"";"";"";"";"";"";"";"";"";"";"";"";"";"";"";"";"";"";"";"";"";"";"";"Vehicule electrique";"";"";"";"";""
"";"";"";"";"";"";"";"";"";"";"";"";"";"";"";"";"";"";"";"";"";"";"";"";"";"";"";"Yamato";"";"";"";"";"";"";"";"";"";"";"";"";"";"";"";"";"";"";"";"";"";"";"";"";"Vehicule militaire";"";"";"";"";""
"";"";"";"";"";"";"";"";"";"";"";"";"";"";"";"";"";"";"";"";"";"";"";"";"";"";"";"Yankee";"";"";"";"";"";"";"";"";"";"";"";"";"";"";"";"";"";"";"";"";"";"";"";"";"Vehicule non electrique";"";"";"";"";""
"";"";"";"";"";"";"";"";"";"";"";"";"";"";"";"";"";"";"";"";"";"";"";"";"";"";"";"Yokomo";"";"";"";"";"";"";"";"";"";"";"";"";"";"";"";"";"";"";"";"";"";"";"";"";"Vehicule publicitaire";"";"";"";"";""
"";"";"";"";"";"";"";"";"";"";"";"";"";"";"";"";"";"";"";"";"";"";"";"";"";"";"";"Yu-Gi-Oh";"";"";"";"";"";"";"";"";"";"";"";"";"";"";"";"";"";"";"";"";"";"";"";"";"Vehicule terrestre";"";"";"";"";""
"";"";"";"";"";"";"";"";"";"";"";"";"";"";"";"";"";"";"";"";"";"";"";"";"";"";"";"Zapf Creations";"";"";"";"";"";"";"";"";"";"";"";"";"";"";"";"";"";"";"";"";"";"";"";"";"Vehicule: Avion, Helicoptere";"";"";"";"";""
"";"";"";"";"";"";"";"";"";"";"";"";"";"";"";"";"";"";"";"";"";"";"";"";"";"";"";"Zenoah";"";"";"";"";"";"";"";"";"";"";"";"";"";"";"";"";"";"";"";"";"";"";"";"";"Vehicule: Bateau, Navire";"";"";"";"";""
"";"";"";"";"";"";"";"";"";"";"";"";"";"";"";"";"";"";"";"";"";"";"";"";"";"";"";"Zhu Zhu Pets";"";"";"";"";"";"";"";"";"";"";"";"";"";"";"";"";"";"";"";"";"";"";"";"";"Vehicules";"";"";"";"";""
"";"";"";"";"";"";"";"";"";"";"";"";"";"";"";"";"";"";"";"";"";"";"";"";"";"";"";"Zorro";"";"";"";"";"";"";"";"";"";"";"";"";"";"";"";"";"";"";"";"";"";"";"";"";"Vehicules, Porteur";"";"";"";"";""
"";"";"";"";"";"";"";"";"";"";"";"";"";"";"";"";"";"";"";"";"";"";"";"";"";"";"";"";"";"";"";"";"";"";"";"";"";"";"";"";"";"";"";"";"";"";"";"";"";"";"";"";"Vetements, Accessoires";"";"";"";"";""
"";"";"";"";"";"";"";"";"";"";"";"";"";"";"";"";"";"";"";"";"";"";"";"";"";"";"";"";"";"";"";"";"";"";"";"";"";"";"";"";"";"";"";"";"";"";"";"";"";"";"";"";"Vitrine miniature, Accessoires";"";"";"";"";""
"";"";"";"";"";"";"";"";"";"";"";"";"";"";"";"";"";"";"";"";"";"";"";"";"";"";"";"";"";"";"";"";"";"";"";"";"";"";"";"";"";"";"";"";"";"";"";"";"";"";"";"";"Voie, Accessoire";"";"";"";"";""
"";"";"";"";"";"";"";"";"";"";"";"";"";"";"";"";"";"";"";"";"";"";"";"";"";"";"";"";"";"";"";"";"";"";"";"";"";"";"";"";"";"";"";"";"";"";"";"";"";"";"";"";"Voiture";"";"";"";"";""
"";"";"";"";"";"";"";"";"";"";"";"";"";"";"";"";"";"";"";"";"";"";"";"";"";"";"";"";"";"";"";"";"";"";"";"";"";"";"";"";"";"";"";"";"";"";"";"";"";"";"";"";"Voiture à pédale";"";"";"";"";""
"";"";"";"";"";"";"";"";"";"";"";"";"";"";"";"";"";"";"";"";"";"";"";"";"";"";"";"";"";"";"";"";"";"";"";"";"";"";"";"";"";"";"";"";"";"";"";"";"";"";"";"";"Voiture: F1, F3000";"";"";"";"";""
"";"";"";"";"";"";"";"";"";"";"";"";"";"";"";"";"";"";"";"";"";"";"";"";"";"";"";"";"";"";"";"";"";"";"";"";"";"";"";"";"";"";"";"";"";"";"";"";"";"";"";"";"Voiture: LeMans";"";"";"";"";""
"";"";"";"";"";"";"";"";"";"";"";"";"";"";"";"";"";"";"";"";"";"";"";"";"";"";"";"";"";"";"";"";"";"";"";"";"";"";"";"";"";"";"";"";"";"";"";"";"";"";"";"";"Voiture: passager";"";"";"";"";""
"";"";"";"";"";"";"";"";"";"";"";"";"";"";"";"";"";"";"";"";"";"";"";"";"";"";"";"";"";"";"";"";"";"";"";"";"";"";"";"";"";"";"";"";"";"";"";"";"";"";"";"";"Voiture: rallye";"";"";"";"";""
"";"";"";"";"";"";"";"";"";"";"";"";"";"";"";"";"";"";"";"";"";"";"";"";"";"";"";"";"";"";"";"";"";"";"";"";"";"";"";"";"";"";"";"";"";"";"";"";"";"";"";"";"Wagon";"";"";"";"";""
"";"";"";"";"";"";"";"";"";"";"";"";"";"";"";"";"";"";"";"";"";"";"";"";"";"";"";"";"";"";"";"";"";"";"";"";"";"";"";"";"";"";"";"";"";"";"";"";"";"";"";"";"Wii";"";"";"";"";""
"";"";"";"";"";"";"";"";"";"";"";"";"";"";"";"";"";"";"";"";"";"";"";"";"";"";"";"";"";"";"";"";"";"";"";"";"";"";"";"";"";"";"";"";"";"";"";"";"";"";"";"";"Wii U";"";"";"";"";""
"";"";"";"";"";"";"";"";"";"";"";"";"";"";"";"";"";"";"";"";"";"";"";"";"";"";"";"";"";"";"";"";"";"";"";"";"";"";"";"";"";"";"";"";"";"";"";"";"";"";"";"";"Xbox 360";"";"";"";"";""
"";"";"";"";"";"";"";"";"";"";"";"";"";"";"";"";"";"";"";"";"";"";"";"";"";"";"";"";"";"";"";"";"";"";"";"";"";"";"";"";"";"";"";"";"";"";"";"";"";"";"";"";"Xbox One";"";"";"";"";""
"";"";"";"";"";"";"";"";"";"";"";"";"";"";"";"";"";"";"";"";"";"";"";"";"";"";"";"";"";"";"";"";"";"";"";"";"";"";"";"";"";"";"";"";"";"";"";"";"";"";"";"";"Yo-Yo";"";"";"";"";""
"";"";"";"";"";"";"";"";"";"";"";"";"";"";"";"";"";"";"";"";"";"";"";"";"";"";"";"";"";"";"";"";"";"";"";"";"";"";"";"";"";"";"";"";"";"";"";"";"";"";"";"";"Étiquettes";"";"";"";"";""
