"Accueil";"Allonge";"Authenticite";"Caracteristiques";"Categorie";"Convertible";"Couleur";"Diamètre";"Dimensions";"Emplacement dans la Maison";"Entretien";"Epoque";"Ergonomique";"Etat 2";"Fermeté";"Fete";"Fonction relax";"Forme";"Garantie constructeur";"Garantie Marchand";"Gonfleur intégré";"Grille de taille";"Hauteur";"Housse";"Impression";"Indépendance de couchage";"Largeur";"Lattes apparentes";"Longueur (cm)";"Marque";"Matiere";"Matière du tissu";"Nombre de chaises";"Nombre de pieces";"Nombre de places";"Nombre de portes";"Origine";"Parfum";"Periode";"Pliable";"Poids";"Profondeur";"Public";"Senteur";"Sommier cuvette";"Sommier déco";"Sous-type";"Soutien du dos";"Style";"Taille";"Temps de combustion";"Theme";"Type";"Type de latex";"Type de mousse";"Type de ressorts";"Unité des dimensions"
"Autre";"Avec allonges";"-";"-";"Accessoire salle de bain";"Convertible";"-";"";"-";"Bureau";"Non";"";"Non";"-";"Autre";"";"Non";"-";"";"";"Non";"Bébé age et stature";"De 121 à 170 cm";"Non";"";"Bonne";"De 111 à 140 cm";"Non";"";"-";"-";"";"-";"-";"-";"1 porte";"-";"-";"-";"Non";"";"10 cm";"Adulte";"-";"Non";"Non";"-";"Adapté dos sensible";"-";"";"";"-";"-";"Naturel";"A mémoire de forme";"Biconiques";""
"Enveloppant";"Sans allonge";"Inconnu";"24 heures";"Art de la table";"Non";"Argente";"";"100x190";"Chambre";"Oui";"";"Oui";"Neuf";"Equilibré";"";"Oui";"Angle";"";"";"Oui";"Bébé et Enfant - Age";"De 171 à 200 cm";"Oui";"";"Excellente";"De 141 à 170 cm";"Oui";"";"AM.PM.";"Acacia";"";"1";"1";"1";"2 portes";"Afrique";"Ambre";"1900-1949";"Oui";"";"11 cm";"Bébé";"Boisee";"Oui";"Oui";"1 tiroir";"Dos normal";"1940-1960";"";"";"Abstrait";"Abat-jour";"Synthétique";"Classique";"Ensachés";""
"Ferme";"";"Original";"A rabats";"Article de fête";"Oui";"Autre";"";"100x200";"Cuisine";"";"";"";"Occasion";"Ferme";"";"";"Arque";"";"";"";"Canapé et fauteuil";"Moins de 120 cm";"";"";"Très bonne";"De 171 à 200 cm";"";"";"Aline";"Acajou";"";"2";"10";"10";"3 portes";"Ameriques";"Ananas";"1950-1969";"";"";"12 cm";"Enfant";"Fleurie";"";"";"2 tiroirs";"";"1970";"";"";"Animal";"Abattant WC";"";"Haute résilience";"";""
"Fermeté modulable";"";"Original mis en vente par l'artiste";"A rallonges";"Décoration générale";"";"Beige";"";"120x190";"Entrée";"";"";"";"";"Mixte";"";"";"Autre";"";"";"";"Chaussants";"Plus de 200 cm";"";"";"";"De 81 à 110 cm";"";"";"Alinea";"Acier";"";"3";"2";"2";"4 portes";"Angleterre";"Autre";"1970-1989";"";"";"13 cm";"Tout public";"Fraiche, Verte";"";"";"3 tiroirs";"";"1980";"";"";"Animaux";"Accessoire";"";"Naturelle";"";""
"Moelleux";"";"Reproduction";"A restaurer";"Linge de Maison";"";"Blanc";"";"120x200";"Jardin";"";"";"";"";"Très ferme";"";"";"Batonnet";"";"";"";"Collant";"";"";"";"";"Moins de 80 cm";"";"";"Amadeus";"Acrylique";"";"4";"3";"3";"";"Asie";"Baies";"1990 et apres";"";"";"14 cm";"";"Fruitee";"";"";"A aiguilles";"";"1990";"";"";"Arbre, Branche";"Accessoire de rangement";"";"";"";""
"";"";"";"Autre";"Luminaire";"";"Bleu";"";"120x60 cm";"Salle de bain";"";"";"";"";"extra ferme";"";"";"Boite";"";"";"";"Divers en tour";"";"";"";"";"Plus de 200 cm";"";"";"Artifort";"Agglomere";"";"5";"4";"4";"";"Autre";"Cannelle";"Art Deco";"";"";"15 cm";"";"";"";"";"A cles";"";"A fleurs";"";"";"Architecture";"Accessoire, Piece detachee";"";"";"";""
"";"";"";"Avec rangement";"Mobilier";"";"Bleu clair";"";"130x190";"Salon";"";"";"";"";"souple";"";"";"Carre";"";"";"";"EU";"";"";"";"";"";"";"";"Autre";"Albatre";"";"6";"5";"5";"";"Belgique";"Caramel";"Art Nouveau";"";"";"16 cm";"";"";"";"";"A courses, avec anses";"";"A rayures";"";"";"Architecture, Monument";"Accessoires de bureau";"";"";"";""
"";"";"";"Bas-relief";"Objet ethnique";"";"Bleu fonce";"";"140x190";"";"";"";"";"";"";"";"";"Carree";"";"";"";"Enfant - Age";"";"";"";"";"";"";"";"Bournas";"Alcantara";"";"7";"6";"6";"";"Chine";"Cardamome";"Contemporain";"";"";"17 cm";"";"";"";"";"A musique";"";"Animaux";"";"";"Autre";"Accessoires de rangement";"";"";"";""
"";"";"";"Biseaute";"Tapisserie";"";"Bleu moyen";"";"140x200";"";"";"";"";"";"";"";"";"Carrée";"";"";"";"Enfant année";"";"";"";"";"";"";"";"Branex";"Aluminium";"";"8";"7";"7";"";"Espagne";"Cardamone";"Design du XXeme";"";"";"18 cm";"";"";"";"";"A pilules";"";"Antique";"";"";"Baroque";"Accessoires de salle de bain";"";"";"";""
"";"";"";"Calendrier";"Ustensile de cuisine";"";"Bordeaux";"";"140x70 cm";"";"";"";"";"";"";"";"";"Chemin de couloir";"";"";"";"Enfant mois";"";"";"";"";"";"";"";"Bultex";"Ardoise";"";"Plus de 8";"8";"8";"";"France";"Cedre";"Inconnue";"";"";"19 cm";"";"";"";"";"Abattant classique";"";"Art Deco";"";"";"Buste";"Accessoires maison";"";"";"";""
"";"";"";"Chauffant";"";"";"Bronze";"";"160x190";"";"";"";"";"";"";"";"";"Cone";"";"";"";"Fille 6-18";"";"";"";"";"";"";"";"Chesterfield";"Argent";"";"";"9";"9";"";"Inconnue";"Cerise";"XIXeme et avant";"";"";"20 cm";"";"";"";"";"Abattant fantaisie";"";"Asiatique";"";"";"Carte geographique";"Accessoires oenologie";"";"";"";""
"";"";"";"D'angle";"";"";"Chocolat";"";"160x200";"";"";"";"";"";"";"";"";"Coupelle";"";"";"";"Garçon 6-18";"";"";"";"";"";"";"";"Cinna";"Argent massif";"";"";"De 11 a 15";"Plus de 10";"";"Inde";"Chevrefeuille";"XXeme et contemporain";"";"";"21 cm";"";"";"";"";"Accessoire a fixer";"";"Aubusson";"";"";"Chasse, Peche";"Accessoires pour animaux";"";"";"";""
"";"";"";"Eclaire";"";"";"Dore";"";"180x200";"";"";"";"";"";"";"";"";"Demi-lune";"";"";"";"Générique";"";"";"";"";"";"";"";"Conforama";"Autre";"";"";"De 16 a 20";"";"";"Indonesie";"Chocolat";"";"";"";"22 cm";"";"";"";"";"Accessoire a poser";"";"Authentique";"";"";"Enfant";"Acrylique";"";"";"";""
"";"";"";"Encadre";"";"";"Gris";"";"190x90 cm";"";"";"";"";"";"";"";"";"Droit";"";"";"";"Libre";"";"";"";"";"";"";"";"Crozatier";"Bakelite";"";"";"De 21 a 50";"";"";"Italie";"Citron";"";"";"";"23 cm";"";"";"";"";"Affichage digital";"";"Autre";"";"";"Ethnique";"Affiche";"";"";"";""
"";"";"";"Etagère";"";"";"Jaune";"";"200x200";"";"";"";"";"";"";"";"";"Droite";"";"";"";"Linge de Maison générique";"";"";"";"";"";"";"";"Cuir Center";"Bambou";"";"";"De 6 a 10";"";"";"Japon";"Citronnelle";"";"";"";"24 cm";"";"";"";"";"Aiguille";"";"Brocante de charme";"";"";"Fantastique";"Alarme";"";"";"";""
"";"";"";"Etude";"";"";"Marron";"";"70x190";"";"";"";"";"";"";"";"";"Encensoir";"";"";"";"Linge de Maison spécifique";"";"";"";"";"";"";"";"Delamaison";"Bois";"";"";"Plus de 10";"";"";"Maroc";"Fleur d'oranger";"";"";"";"25 cm";"";"";"";"";"Aleses";"";"Brocante industrielle";"";"";"Fleur, Arbre";"Amenagement de cuisine";"";"";"";""
"";"";"";"Ferme";"";"";"Marron clair";"";"80x190";"";"";"";"";"";"";"";"";"Fantaisie";"";"";"";"Lingerie Sport";"";"";"";"";"";"";"";"Duvivier";"Bois clair";"";"";"Plus de 50";"";"";"Moyen Orient";"Fraise";"";"";"";"26 cm";"";"";"";"";"Amenagement interieur";"";"Celebrite";"";"";"Fleur, Plante";"Amenagement de placard";"";"";"";""
"";"";"";"Gonflable";"";"";"Marron fonce";"";"80x200";"";"";"";"";"";"";"";"";"Gondole";"";"";"";"Panty-Gaines (tour de taille)";"";"";"";"";"";"";"";"Fermob";"Bois exotique";"";"";"Plus de 8";"";"";"Nepal";"Fruits confis";"";"";"";"27 cm";"";"";"";"";"Anti-derapant";"";"Classique";"";"";"Graphique";"Ampoule";"";"";"";""
"";"";"";"Gonflant";"";"";"Multicolore";"";"90x190";"";"";"";"";"";"";"";"";"Granule, Resine";"";"";"";"Soutien-Gorge";"";"";"";"";"";"";"";"Fly";"Bois foncé";"";"";"";"";"";"Oceanie";"Fruits confits";"";"";"";"28 cm";"";"";"";"";"Applique";"";"Contemporain";"";"";"Histoire, Guerre";"Amulette";"";"";"";""
"";"";"";"Grossissant";"";"";"Noir";"";"90x200";"";"";"";"";"";"";"";"";"Ovale";"";"";"";"Soutien-Gorge (bonnet groupé)";"";"";"";"";"";"";"";"Habitat";"Bois massif";"";"";"";"";"";"Oriental";"Fruits exotiques";"";"";"";"29 cm";"";"";"";"";"Armoire de toilette";"";"Contemporain classique";"";"";"Lettre, Phrase";"Applique";"";"";"";""
"";"";"";"Haut-relief";"";"";"Orange";"";"Autre";"";"";"";"";"";"";"";"";"Polygonale";"";"";"";"Tour de ceinture";"";"";"";"";"";"";"";"Herman";"Bouleau";"";"";"";"";"";"Pays Bas";"Jasmin";"";"";"";"30 cm";"";"";"";"";"Autre";"";"Contemporain nature";"";"";"Masque";"Aquarelle";"";"";"";""
"";"";"";"Latex";"";"";"Rose";"";"De 10 a 30";"";"";"";"";"";"";"";"";"Rectangle";"";"";"";"Tour de ceinture";"";"";"";"";"";"";"";"Herman Miller";"Bronze";"";"";"";"";"";"Pays-Bas";"Lavande";"";"";"";"5 cm";"";"";"";"";"Avec egouttoir";"";"De gare";"";"";"Mode";"Aquarium";"";"";"";""
"";"";"";"Lattes";"";"";"Rouge";"";"De 31 a 50";"";"";"";"";"";"";"";"";"Rectangulaire";"";"";"";"Tour de poitrine";"";"";"";"";"";"";"";"Home Spirit";"Carton, Papier";"";"";"";"";"";"Polynesie";"Lotus";"";"";"";"6 cm";"";"";"";"";"Avec electromenager";"";"Design";"";"";"Musique";"Ardoise";"";"";"";""
"";"";"";"Mixte";"";"";"Taupe";"";"De 51 a 70";"";"";"";"";"";"";"";"";"Rond";"";"";"";"US en stature";"";"";"";"";"";"";"";"Ikea";"Ceramique";"";"";"";"";"";"Russie";"Marin";"";"";"";"7 cm";"";"";"";"";"Avec evier";"";"Directoire";"";"";"Mythologie, Religion";"Ardoise decorative";"";"";"";""
"";"";"";"Moelleux";"";"";"Terracotta";"";"De 71 a 100";"";"";"";"";"";"";"";"";"Ronde";"";"";"";"US numérique";"";"";"";"";"";"";"";"Kartell";"Ceramique, Porcelaine";"";"";"";"";"";"Tibet";"Menthe";"";"";"";"8 cm";"";"";"";"";"Avec plan de travail";"";"Enfant";"";"";"Nature";"Armoire";"";"";"";""
"";"";"";"Mousse";"";"";"Transparent";"";"Moins de 10";"";"";"";"";"";"";"";"";"Ronde, OEil de boeuf";"";"";"";"US spécifique";"";"";"";"";"";"";"";"Knoll";"Chanvre";"";"";"";"";"";"";"Miel";"";"";"";"9 cm";"";"";"";"";"Avec surmeuble";"";"Enfant, Dessin anime";"";"";"Nature morte";"Armoire de toilette";"";"";"";""
"";"";"";"Mouvement apparent";"";"";"Turquoise";"";"Plus de 100";"";"";"";"";"";"";"";"";"Tapis d'escalier";"";"";"";"";"";"";"";"";"";"";"";"Kramfors";"Chene";"";"";"";"";"";"";"Mimosa";"";"";"";"Moins de 9 cm";"";"";"";"";"Avec tiroir";"";"Ethnique";"";"";"Nu";"Armoire tissu";"";"";"";""
"";"";"";"Penderie";"";"";"Vert";"";"";"";"";"";"";"";"";"";"";"Violon";"";"";"";"";"";"";"";"";"";"";"";"Ligne Roset";"Chrome";"";"";"";"";"";"";"Noix de coco";"";"";"";"";"";"";"";"";"Avec tiroir + surmeuble";"";"Historique";"";"";"Pays du monde, Voyage";"Armoire, Penderie";"";"";"";""
"";"";"";"Plateau tournant";"";"";"Violet";"";"";"";"";"";"";"";"";"";"";"Vitrine";"";"";"";"";"";"";"";"";"";"";"";"Maison du Monde";"Châtaignier";"";"";"";"";"";"";"Orange, Mandarine";"";"";"";"";"";"";"";"";"Bac de rangement";"";"Héritage";"";"";"Paysage";"Armoires";"";"";"";""
"";"";"";"Pliante";"";"";"";"";"";"";"";"";"";"";"";"";"";"";"";"";"";"";"";"";"";"";"";"";"";"Matelpro";"Chêne";"";"";"";"";"";"";"Patchouli";"";"";"";"";"";"";"";"";"Baignoire balneo";"";"Louis Philippe";"";"";"Paysage marin, Bateau";"Assiette";"";"";"";""
"";"";"";"Ressorts";"";"";"";"";"";"";"";"";"";"";"";"";"";"";"";"";"";"";"";"";"";"";"";"";"";"Mobilier de France";"Cire";"";"";"";"";"";"";"Peche";"";"";"";"";"";"";"";"";"Baignoire classique";"";"Louis XIII";"";"";"Personnage";"Assiette decorative";"";"";"";""
"";"";"";"Roulettes";"";"";"";"";"";"";"";"";"";"";"";"";"";"";"";"";"";"";"";"";"";"";"";"";"";"Monsieur Meuble";"Coco";"";"";"";"";"";"";"Pin, Sapin";"";"";"";"";"";"";"";"";"Baignoire d'angle";"";"Louis XIV, Baroque";"";"";"Personnage : Fiction";"Assiette murale";"";"";"";""
"";"";"";"Signe";"";"";"";"";"";"";"";"";"";"";"";"";"";"";"";"";"";"";"";"";"";"";"";"";"";"Roche Bobois";"Corne";"";"";"";"";"";"";"Poire";"";"";"";"";"";"";"";"";"Baignoire sur pieds";"";"Louis XV, Neoclassique";"";"";"Personnage : Star";"Assiette pour bébé";"";"";"";""
"";"";"";"Signee";"";"";"";"";"";"";"";"";"";"";"";"";"";"";"";"";"";"";"";"";"";"";"";"";"";"Simmons";"Coton";"";"";"";"";"";"";"Pomme";"";"";"";"";"";"";"";"";"Balai, Serviteur";"";"Louis XVI";"";"";"Portrait, Autoportrait";"Autre";"";"";"";""
"";"";"";"Sonnerie, Carillon";"";"";"";"";"";"";"";"";"";"";"";"";"";"";"";"";"";"";"";"";"";"";"";"";"";"Steiner";"Cristal";"";"";"";"";"";"";"Rose";"";"";"";"";"";"";"";"";"Balancier";"";"Louis-Philippe";"";"";"Religion, Mythologie";"BZ";"";"";"";""
"";"";"";"Sur bois";"";"";"";"";"";"";"";"";"";"";"";"";"";"";"";"";"";"";"";"";"";"";"";"";"";"Totema";"Croute de cuir";"";"";"";"";"";"";"Santal";"";"";"";"";"";"";"";"";"Barre de penderie";"";"Marocain, Berbere";"";"";"Scene de genre";"Bac à linge";"";"";"";""
"";"";"";"Sur bronze";"";"";"";"";"";"";"";"";"";"";"";"";"";"";"";"";"";"";"";"";"";"";"";"";"";"Tousalon";"Cuir";"";"";"";"";"";"";"The vert";"";"";"";"";"";"";"";"";"Barrieres";"";"Moderne";"";"";"Science";"Bahut";"";"";"";""
"";"";"";"Sur panneau";"";"";"";"";"";"";"";"";"";"";"";"";"";"";"";"";"";"";"";"";"";"";"";"";"";"Vitra";"Cuir synthetique";"";"";"";"";"";"";"Vanille";"";"";"";"";"";"";"";"";"Basse, Petite";"";"Motifs geometriques";"";"";"Sport";"Baignoire";"";"";"";""
"";"";"";"Sur socle";"";"";"";"";"";"";"";"";"";"";"";"";"";"";"";"";"";"";"";"";"";"";"";"";"";"";"Cuivre";"";"";"";"";"";"";"Verveine";"";"";"";"";"";"";"";"";"Baton, Chandelle";"";"Moyen-age";"";"";"Trompe l'oeil";"Balancelles";"";"";"";""
"";"";"";"Sur soie";"";"";"";"";"";"";"";"";"";"";"";"";"";"";"";"";"";"";"";"";"";"";"";"";"";"";"Céramique";"";"";"";"";"";"";"Ylang Ylang";"";"";"";"";"";"";"";"";"Bergere";"";"Napoleon III";"";"";"Voyage";"Banc";"";"";"";""
"";"";"";"Sur toile";"";"";"";"";"";"";"";"";"";"";"";"";"";"";"";"";"";"";"";"";"";"";"";"";"";"";"Email";"";"";"";"";"";"";"Ylang-ylang";"";"";"";"";"";"";"";"";"Bienvenue";"";"Napoleon, Empire";"";"";"";"Banquette";"";"";"";""
"";"";"";"Très gonflant";"";"";"";"";"";"";"";"";"";"";"";"";"";"";"";"";"";"";"";"";"";"";"";"";"";"";"Etain";"";"";"";"";"";"";"";"";"";"";"";"";"";"";"";"Bloque-portes";"";"Oriental";"";"";"";"Banquette bz";"";"";"";""
"";"";"";"";"";"";"";"";"";"";"";"";"";"";"";"";"";"";"";"";"";"";"";"";"";"";"";"";"";"";"Faïence";"";"";"";"";"";"";"";"";"";"";"";"";"";"";"";"Bonbonniere";"";"Oriental, Persan";"";"";"";"Banquette clic clac";"";"";"";""
"";"";"";"";"";"";"";"";"";"";"";"";"";"";"";"";"";"";"";"";"";"";"";"";"";"";"";"";"";"";"Fer";"";"";"";"";"";"";"";"";"";"";"";"";"";"";"";"Bougeoir";"";"Publicitaire";"";"";"";"Banquette lit";"";"";"";""
"";"";"";"";"";"";"";"";"";"";"";"";"";"";"";"";"";"";"";"";"";"";"";"";"";"";"";"";"";"";"Fer forgé";"";"";"";"";"";"";"";"";"";"";"";"";"";"";"";"Bougeoir a suspension";"";"Regence";"";"";"";"Banquette, Banc";"";"";"";""
"";"";"";"";"";"";"";"";"";"";"";"";"";"";"";"";"";"";"";"";"";"";"";"";"";"";"";"";"";"";"Fibres vegetales";"";"";"";"";"";"";"";"";"";"";"";"";"";"";"";"Bougeoir pour chandelle";"";"Renaissance";"";"";"";"Bar";"";"";"";""
"";"";"";"";"";"";"";"";"";"";"";"";"";"";"";"";"";"";"";"";"";"";"";"";"";"";"";"";"";"";"Filet";"";"";"";"";"";"";"";"";"";"";"";"";"";"";"";"Bout de canapé";"";"Restauration";"";"";"";"Barre à rideau";"";"";"";""
"";"";"";"";"";"";"";"";"";"";"";"";"";"";"";"";"";"";"";"";"";"";"";"";"";"";"";"";"";"";"Fonte";"";"";"";"";"";"";"";"";"";"";"";"";"";"";"";"Bridge";"";"Retro";"";"";"";"Batik";"";"";"";""
"";"";"";"";"";"";"";"";"";"";"";"";"";"";"";"";"";"";"";"";"";"";"";"";"";"";"";"";"";"";"Formica";"";"";"";"";"";"";"";"";"";"";"";"";"";"";"";"Brucelles";"";"Shaggy, Longues meches";"";"";"";"Berceau";"";"";"";""
"";"";"";"";"";"";"";"";"";"";"";"";"";"";"";"";"";"";"";"";"";"";"";"";"";"";"";"";"";"";"Frêne";"";"";"";"";"";"";"";"";"";"";"";"";"";"";"";"Cabine balneo";"";"Tresse";"";"";"";"Berceaux";"";"";"";""
"";"";"";"";"";"";"";"";"";"";"";"";"";"";"";"";"";"";"";"";"";"";"";"";"";"";"";"";"";"";"Granit";"";"";"";"";"";"";"";"";"";"";"";"";"";"";"";"Cabine carree";"";"Uni";"";"";"";"Bergère";"";"";"";""
"";"";"";"";"";"";"";"";"";"";"";"";"";"";"";"";"";"";"";"";"";"";"";"";"";"";"";"";"";"";"Gres";"";"";"";"";"";"";"";"";"";"";"";"";"";"";"";"Cabine circulaire";"";"Voyage";"";"";"";"Bibliothèque";"";"";"";""
"";"";"";"";"";"";"";"";"";"";"";"";"";"";"";"";"";"";"";"";"";"";"";"";"";"";"";"";"";"";"Hetre";"";"";"";"";"";"";"";"";"";"";"";"";"";"";"";"Cabriolet";"";"";"";"";"";"Bijou";"";"";"";""
"";"";"";"";"";"";"";"";"";"";"";"";"";"";"";"";"";"";"";"";"";"";"";"";"";"";"";"";"";"";"Hêtre";"";"";"";"";"";"";"";"";"";"";"";"";"";"";"";"Cache-prises";"";"";"";"";"";"Bloc de classement";"";"";"";""
"";"";"";"";"";"";"";"";"";"";"";"";"";"";"";"";"";"";"";"";"";"";"";"";"";"";"";"";"";"";"Inox";"";"";"";"";"";"";"";"";"";"";"";"";"";"";"";"Cadran";"";"";"";"";"";"Boite";"";"";"";""
"";"";"";"";"";"";"";"";"";"";"";"";"";"";"";"";"";"";"";"";"";"";"";"";"";"";"";"";"";"";"Ivoire";"";"";"";"";"";"";"";"";"";"";"";"";"";"";"";"Caillebotis";"";"";"";"";"";"Bonnetière";"";"";"";""
"";"";"";"";"";"";"";"";"";"";"";"";"";"";"";"";"";"";"";"";"";"";"";"";"";"";"";"";"";"";"Jade";"";"";"";"";"";"";"";"";"";"";"";"";"";"";"";"Cale-bebes";"";"";"";"";"";"Bougeoir";"";"";"";""
"";"";"";"";"";"";"";"";"";"";"";"";"";"";"";"";"";"";"";"";"";"";"";"";"";"";"";"";"";"";"Jute";"";"";"";"";"";"";"";"";"";"";"";"";"";"";"";"Carree";"";"";"";"";"";"Bougeoir, Chandelier";"";"";"";""
"";"";"";"";"";"";"";"";"";"";"";"";"";"";"";"";"";"";"";"";"";"";"";"";"";"";"";"";"";"";"Laine";"";"";"";"";"";"";"";"";"";"";"";"";"";"";"";"Chambre";"";"";"";"";"";"Bougie";"";"";"";""
"";"";"";"";"";"";"";"";"";"";"";"";"";"";"";"";"";"";"";"";"";"";"";"";"";"";"";"";"";"";"Laiton";"";"";"";"";"";"";"";"";"";"";"";"";"";"";"";"Chandelier a branches";"";"";"";"";"";"Bougie chauffe-plat";"";"";"";""
"";"";"";"";"";"";"";"";"";"";"";"";"";"";"";"";"";"";"";"";"";"";"";"";"";"";"";"";"";"";"Latex";"";"";"";"";"";"";"";"";"";"";"";"";"";"";"";"Charniere";"";"";"";"";"";"Bougie classique, Decorative";"";"";"";""
"";"";"";"";"";"";"";"";"";"";"";"";"";"";"";"";"";"";"";"";"";"";"";"";"";"";"";"";"";"";"Lin";"";"";"";"";"";"";"";"";"";"";"";"";"";"";"";"Chauffeuse";"";"";"";"";"";"Bougie flottante";"";"";"";""
"";"";"";"";"";"";"";"";"";"";"";"";"";"";"";"";"";"";"";"";"";"";"";"";"";"";"";"";"";"";"Manguier";"";"";"";"";"";"";"";"";"";"";"";"";"";"";"";"Cintre";"";"";"";"";"";"Bougie gel";"";"";"";""
"";"";"";"";"";"";"";"";"";"";"";"";"";"";"";"";"";"";"";"";"";"";"";"";"";"";"";"";"";"";"Marbre";"";"";"";"";"";"";"";"";"";"";"";"";"";"";"";"Clapet";"";"";"";"";"";"Bougie parfumee";"";"";"";""
"";"";"";"";"";"";"";"";"";"";"";"";"";"";"";"";"";"";"";"";"";"";"";"";"";"";"";"";"";"";"Merisier";"";"";"";"";"";"";"";"";"";"";"";"";"";"";"";"Classique";"";"";"";"";"";"Boule de Noël";"";"";"";""
"";"";"";"";"";"";"";"";"";"";"";"";"";"";"";"";"";"";"";"";"";"";"";"";"";"";"";"";"";"";"Metal";"";"";"";"";"";"";"";"";"";"";"";"";"";"";"";"Classique, de cuisine";"";"";"";"";"";"Boulier";"";"";"";""
"";"";"";"";"";"";"";"";"";"";"";"";"";"";"";"";"";"";"";"";"";"";"";"";"";"";"";"";"";"";"Microfibre";"";"";"";"";"";"";"";"";"";"";"";"";"";"";"";"Classique, de salon";"";"";"";"";"";"Bout de canapé";"";"";"";""
"";"";"";"";"";"";"";"";"";"";"";"";"";"";"";"";"";"";"";"";"";"";"";"";"";"";"";"";"";"";"Mousse";"";"";"";"";"";"";"";"";"";"";"";"";"";"";"";"Cle";"";"";"";"";"";"Bout de lit";"";"";"";""
"";"";"";"";"";"";"";"";"";"";"";"";"";"";"";"";"";"";"";"";"";"";"";"";"";"";"";"";"";"";"Naturel";"";"";"";"";"";"";"";"";"";"";"";"";"";"";"";"Cloche";"";"";"";"";"";"Bouton de porte";"";"";"";""
"";"";"";"";"";"";"";"";"";"";"";"";"";"";"";"";"";"";"";"";"";"";"";"";"";"";"";"";"";"";"Noyer";"";"";"";"";"";"";"";"";"";"";"";"";"";"";"";"Club";"";"";"";"";"";"Boîte de rangement";"";"";"";""
"";"";"";"";"";"";"";"";"";"";"";"";"";"";"";"";"";"";"";"";"";"";"";"";"";"";"";"";"";"";"Orme";"";"";"";"";"";"";"";"";"";"";"";"";"";"";"";"Coco";"";"";"";"";"";"Boîte déco";"";"";"";""
"";"";"";"";"";"";"";"";"";"";"";"";"";"";"";"";"";"";"";"";"";"";"";"";"";"";"";"";"";"";"PVC";"";"";"";"";"";"";"";"";"";"";"";"";"";"";"";"Coffrage";"";"";"";"";"";"Boîte à bijoux";"";"";"";""
"";"";"";"";"";"";"";"";"";"";"";"";"";"";"";"";"";"";"";"";"";"";"";"";"";"";"";"";"";"";"Peau";"";"";"";"";"";"";"";"";"";"";"";"";"";"";"";"Colonne balneo";"";"";"";"";"";"Boîte à clés";"";"";"";""
"";"";"";"";"";"";"";"";"";"";"";"";"";"";"";"";"";"";"";"";"";"";"";"";"";"";"";"";"";"";"Peuplier";"";"";"";"";"";"";"";"";"";"";"";"";"";"";"";"Colonne de rangement";"";"";"";"";"";"Brosse WC";"";"";"";""
"";"";"";"";"";"";"";"";"";"";"";"";"";"";"";"";"";"";"";"";"";"";"";"";"";"";"";"";"";"";"Pierre";"";"";"";"";"";"";"";"";"";"";"";"";"";"";"";"Colonne simple";"";"";"";"";"";"Brosse à tapisser";"";"";"";""
"";"";"";"";"";"";"";"";"";"";"";"";"";"";"";"";"";"";"";"";"";"";"";"";"";"";"";"";"";"";"Pin";"";"";"";"";"";"";"";"";"";"";"";"";"";"";"";"Commodes";"";"";"";"";"";"Brule-parfum";"";"";"";""
"";"";"";"";"";"";"";"";"";"";"";"";"";"";"";"";"";"";"";"";"";"";"";"";"";"";"";"";"";"";"Plastique";"";"";"";"";"";"";"";"";"";"";"";"";"";"";"";"Comptoir";"";"";"";"";"";"Brumisateur";"";"";"";""
"";"";"";"";"";"";"";"";"";"";"";"";"";"";"";"";"";"";"";"";"";"";"";"";"";"";"";"";"";"";"Platre";"";"";"";"";"";"";"";"";"";"";"";"";"";"";"";"Conique";"";"";"";"";"";"Brûle parfum";"";"";"";""
"";"";"";"";"";"";"";"";"";"";"";"";"";"";"";"";"";"";"";"";"";"";"";"";"";"";"";"";"";"";"Polypropylene";"";"";"";"";"";"";"";"";"";"";"";"";"";"";"";"Console";"";"";"";"";"";"Buffet";"";"";"";""
"";"";"";"";"";"";"";"";"";"";"";"";"";"";"";"";"";"";"";"";"";"";"";"";"";"";"";"";"";"";"Polywood";"";"";"";"";"";"";"";"";"";"";"";"";"";"";"";"Conversation";"";"";"";"";"";"Buffet bas, Bahut";"";"";"";""
"";"";"";"";"";"";"";"";"";"";"";"";"";"";"";"";"";"";"";"";"";"";"";"";"";"";"";"";"";"";"Porcelaine";"";"";"";"";"";"";"";"";"";"";"";"";"";"";"";"Coton";"";"";"";"";"";"Buffet haut";"";"";"";""
"";"";"";"";"";"";"";"";"";"";"";"";"";"";"";"";"";"";"";"";"";"";"";"";"";"";"";"";"";"";"Resine";"";"";"";"";"";"";"";"";"";"";"";"";"";"";"";"Coulissante";"";"";"";"";"";"Buffet, Vaisselier";"";"";"";""
"";"";"";"";"";"";"";"";"";"";"";"";"";"";"";"";"";"";"";"";"";"";"";"";"";"";"";"";"";"";"Rotin";"";"";"";"";"";"";"";"";"";"";"";"";"";"";"";"Crapaud";"";"";"";"";"";"Buffet-vaisselier";"";"";"";""
"";"";"";"";"";"";"";"";"";"";"";"";"";"";"";"";"";"";"";"";"";"";"";"";"";"";"";"";"";"";"Rotin, Osier";"";"";"";"";"";"";"";"";"";"";"";"";"";"";"";"Crochet";"";"";"";"";"";"Bureau";"";"";"";""
"";"";"";"";"";"";"";"";"";"";"";"";"";"";"";"";"";"";"";"";"";"";"";"";"";"";"";"";"";"";"Résine";"";"";"";"";"";"";"";"";"";"";"";"";"";"";"";"Crochet mural, Patere";"";"";"";"";"";"Bureau a treteaux";"";"";"";""
"";"";"";"";"";"";"";"";"";"";"";"";"";"";"";"";"";"";"";"";"";"";"";"";"";"";"";"";"";"";"Résine tressée";"";"";"";"";"";"";"";"";"";"";"";"";"";"";"";"Cuisine";"";"";"";"";"";"Bureau d'angle";"";"";"";""
"";"";"";"";"";"";"";"";"";"";"";"";"";"";"";"";"";"";"";"";"";"";"";"";"";"";"";"";"";"";"Sans cadre";"";"";"";"";"";"";"";"";"";"";"";"";"";"";"";"Cuvette de WC";"";"";"";"";"";"Bureau enfant";"";"";"";""
"";"";"";"";"";"";"";"";"";"";"";"";"";"";"";"";"";"";"";"";"";"";"";"";"";"";"";"";"";"";"Sapin";"";"";"";"";"";"";"";"";"";"";"";"";"";"";"";"De bar";"";"";"";"";"";"Bureau informatique";"";"";"";""
"";"";"";"";"";"";"";"";"";"";"";"";"";"";"";"";"";"";"";"";"";"";"";"";"";"";"";"";"";"";"Sisal";"";"";"";"";"";"";"";"";"";"";"";"";"";"";"";"De coiffeuse";"";"";"";"";"";"Bureau simple";"";"";"";""
"";"";"";"";"";"";"";"";"";"";"";"";"";"";"";"";"";"";"";"";"";"";"";"";"";"";"";"";"";"";"Soie";"";"";"";"";"";"";"";"";"";"";"";"";"";"";"";"De decoration";"";"";"";"";"";"Cabriolet";"";"";"";""
"";"";"";"";"";"";"";"";"";"";"";"";"";"";"";"";"";"";"";"";"";"";"";"";"";"";"";"";"";"";"Synthetique";"";"";"";"";"";"";"";"";"";"";"";"";"";"";"";"De maquillage";"";"";"";"";"";"Cache pot";"";"";"";""
"";"";"";"";"";"";"";"";"";"";"";"";"";"";"";"";"";"";"";"";"";"";"";"";"";"";"";"";"";"";"Synthétique";"";"";"";"";"";"";"";"";"";"";"";"";"";"";"";"De massage";"";"";"";"";"";"Cache-pot";"";"";"";""
"";"";"";"";"";"";"";"";"";"";"";"";"";"";"";"";"";"";"";"";"";"";"";"";"";"";"";"";"";"";"Teck";"";"";"";"";"";"";"";"";"";"";"";"";"";"";"";"De proprete, Poignee";"";"";"";"";"";"Cache-sommier";"";"";"";""
"";"";"";"";"";"";"";"";"";"";"";"";"";"";"";"";"";"";"";"";"";"";"";"";"";"";"";"";"";"";"Terre cuite";"";"";"";"";"";"";"";"";"";"";"";"";"";"";"";"De rangement, Ferme";"";"";"";"";"";"Cadenas";"";"";"";""
"";"";"";"";"";"";"";"";"";"";"";"";"";"";"";"";"";"";"";"";"";"";"";"";"";"";"";"";"";"";"Tilleul";"";"";"";"";"";"";"";"";"";"";"";"";"";"";"";"De relaxation";"";"";"";"";"";"Cadre";"";"";"";""
"";"";"";"";"";"";"";"";"";"";"";"";"";"";"";"";"";"";"";"";"";"";"";"";"";"";"";"";"";"";"Tissu";"";"";"";"";"";"";"";"";"";"";"";"";"";"";"";"De salle de bain";"";"";"";"";"";"Cadre de cheminée";"";"";"";""
"";"";"";"";"";"";"";"";"";"";"";"";"";"";"";"";"";"";"";"";"";"";"";"";"";"";"";"";"";"";"Toile";"";"";"";"";"";"";"";"";"";"";"";"";"";"";"";"De table, a poser";"";"";"";"";"";"Cadre de lit";"";"";"";""
"";"";"";"";"";"";"";"";"";"";"";"";"";"";"";"";"";"";"";"";"";"";"";"";"";"";"";"";"";"";"Toile chinée";"";"";"";"";"";"";"";"";"";"";"";"";"";"";"";"Decoratif, Corbeille";"";"";"";"";"";"Cadre decoratif";"";"";"";""
"";"";"";"";"";"";"";"";"";"";"";"";"";"";"";"";"";"";"";"";"";"";"";"";"";"";"";"";"";"";"Velours";"";"";"";"";"";"";"";"";"";"";"";"";"";"";"";"Desserte";"";"";"";"";"";"Cadre photo";"";"";"";""
"";"";"";"";"";"";"";"";"";"";"";"";"";"";"";"";"";"";"";"";"";"";"";"";"";"";"";"";"";"";"Verre";"";"";"";"";"";"";"";"";"";"";"";"";"";"";"";"Detecteurs de temperature";"";"";"";"";"";"Cadre à lattes";"";"";"";""
"";"";"";"";"";"";"";"";"";"";"";"";"";"";"";"";"";"";"";"";"";"";"";"";"";"";"";"";"";"";"Viscose";"";"";"";"";"";"";"";"";"";"";"";"";"";"";"";"Draps";"";"";"";"";"";"Cadre, Tableau";"";"";"";""
"";"";"";"";"";"";"";"";"";"";"";"";"";"";"";"";"";"";"";"";"";"";"";"";"";"";"";"";"";"";"aluminium";"";"";"";"";"";"";"";"";"";"";"";"";"";"";"";"Dressoir, Valet";"";"";"";"";"";"Caisson";"";"";"";""
"";"";"";"";"";"";"";"";"";"";"";"";"";"";"";"";"";"";"";"";"";"";"";"";"";"";"";"";"";"";"anti-adhérents";"";"";"";"";"";"";"";"";"";"";"";"";"";"";"";"Electrique";"";"";"";"";"";"Caisson de rangement";"";"";"";""
"";"";"";"";"";"";"";"";"";"";"";"";"";"";"";"";"";"";"";"";"";"";"";"";"";"";"";"";"";"";"argent";"";"";"";"";"";"";"";"";"";"";"";"";"";"";"";"Empilable";"";"";"";"";"";"Caisson étanche";"";"";"";""
"";"";"";"";"";"";"";"";"";"";"";"";"";"";"";"";"";"";"";"";"";"";"";"";"";"";"";"";"";"";"cristal";"";"";"";"";"";"";"";"";"";"";"";"";"";"";"";"Ensemble";"";"";"";"";"";"Cale-bebes";"";"";"";""
"";"";"";"";"";"";"";"";"";"";"";"";"";"";"";"";"";"";"";"";"";"";"";"";"";"";"";"";"";"";"cuivre";"";"";"";"";"";"";"";"";"";"";"";"";"";"";"";"Entretien";"";"";"";"";"";"Canape";"";"";"";""
"";"";"";"";"";"";"";"";"";"";"";"";"";"";"";"";"";"";"";"";"";"";"";"";"";"";"";"";"";"";"fonte";"";"";"";"";"";"";"";"";"";"";"";"";"";"";"";"Etagere";"";"";"";"";"";"Canape d'angle";"";"";"";""
"";"";"";"";"";"";"";"";"";"";"";"";"";"";"";"";"";"";"";"";"";"";"";"";"";"";"";"";"";"";"grès";"";"";"";"";"";"";"";"";"";"";"";"";"";"";"";"Evolutive";"";"";"";"";"";"Canapé convertible";"";"";"";""
"";"";"";"";"";"";"";"";"";"";"";"";"";"";"";"";"";"";"";"";"";"";"";"";"";"";"";"";"";"";"inox";"";"";"";"";"";"";"";"";"";"";"";"";"";"";"";"Fantaisie";"";"";"";"";"";"Canapé d'angle";"";"";"";""
"";"";"";"";"";"";"";"";"";"";"";"";"";"";"";"";"";"";"";"";"";"";"";"";"";"";"";"";"";"";"metal";"";"";"";"";"";"";"";"";"";"";"";"";"";"";"";"Fixe, de reunion";"";"";"";"";"";"Canapé d'extérieur";"";"";"";""
"";"";"";"";"";"";"";"";"";"";"";"";"";"";"";"";"";"";"";"";"";"";"";"";"";"";"";"";"";"";"mélanine";"";"";"";"";"";"";"";"";"";"";"";"";"";"";"";"Flexible";"";"";"";"";"";"Canapé droit";"";"";"";""
"";"";"";"";"";"";"";"";"";"";"";"";"";"";"";"";"";"";"";"";"";"";"";"";"";"";"";"";"";"";"papier";"";"";"";"";"";"";"";"";"";"";"";"";"";"";"";"Forme Fantaisie";"";"";"";"";"";"Canapé modulable";"";"";"";""
"";"";"";"";"";"";"";"";"";"";"";"";"";"";"";"";"";"";"";"";"";"";"";"";"";"";"";"";"";"";"silicone";"";"";"";"";"";"";"";"";"";"";"";"";"";"";"";"Fronton";"";"";"";"";"";"Canapé relax";"";"";"";""
"";"";"";"";"";"";"";"";"";"";"";"";"";"";"";"";"";"";"";"";"";"";"";"";"";"";"";"";"";"";"toile";"";"";"";"";"";"";"";"";"";"";"";"";"";"";"";"Gonflable";"";"";"";"";"";"Carafe";"";"";"";""
"";"";"";"";"";"";"";"";"";"";"";"";"";"";"";"";"";"";"";"";"";"";"";"";"";"";"";"";"";"";"étain";"";"";"";"";"";"";"";"";"";"";"";"";"";"";"";"Gueridon";"";"";"";"";"";"Carafe à décanter";"";"";"";""
"";"";"";"";"";"";"";"";"";"";"";"";"";"";"";"";"";"";"";"";"";"";"";"";"";"";"";"";"";"";"";"";"";"";"";"";"";"";"";"";"";"";"";"";"";"";"Haute";"";"";"";"";"";"Carafe à vin";"";"";"";""
"";"";"";"";"";"";"";"";"";"";"";"";"";"";"";"";"";"";"";"";"";"";"";"";"";"";"";"";"";"";"";"";"";"";"";"";"";"";"";"";"";"";"";"";"";"";"Heurtoir";"";"";"";"";"";"Carillon";"";"";"";""
"";"";"";"";"";"";"";"";"";"";"";"";"";"";"";"";"";"";"";"";"";"";"";"";"";"";"";"";"";"";"";"";"";"";"";"";"";"";"";"";"";"";"";"";"";"";"Housse de rangement";"";"";"";"";"";"Cartouche encre";"";"";"";""
"";"";"";"";"";"";"";"";"";"";"";"";"";"";"";"";"";"";"";"";"";"";"";"";"";"";"";"";"";"";"";"";"";"";"";"";"";"";"";"";"";"";"";"";"";"";"Housse de rangement sous vide";"";"";"";"";"";"Casier de rangement";"";"";"";""
"";"";"";"";"";"";"";"";"";"";"";"";"";"";"";"";"";"";"";"";"";"";"";"";"";"";"";"";"";"";"";"";"";"";"";"";"";"";"";"";"";"";"";"";"";"";"Housses de couette";"";"";"";"";"";"Cendrier";"";"";"";""
"";"";"";"";"";"";"";"";"";"";"";"";"";"";"";"";"";"";"";"";"";"";"";"";"";"";"";"";"";"";"";"";"";"";"";"";"";"";"";"";"";"";"";"";"";"";"Huilier";"";"";"";"";"";"Chaise";"";"";"";""
"";"";"";"";"";"";"";"";"";"";"";"";"";"";"";"";"";"";"";"";"";"";"";"";"";"";"";"";"";"";"";"";"";"";"";"";"";"";"";"";"";"";"";"";"";"";"Interphones";"";"";"";"";"";"Chaise de bureau";"";"";"";""
"";"";"";"";"";"";"";"";"";"";"";"";"";"";"";"";"";"";"";"";"";"";"";"";"";"";"";"";"";"";"";"";"";"";"";"";"";"";"";"";"";"";"";"";"";"";"Kitchenette";"";"";"";"";"";"Chaise pliante";"";"";"";""
"";"";"";"";"";"";"";"";"";"";"";"";"";"";"";"";"";"";"";"";"";"";"";"";"";"";"";"";"";"";"";"";"";"";"";"";"";"";"";"";"";"";"";"";"";"";"Laine";"";"";"";"";"";"Chaise, Fauteuil de bureau";"";"";"";""
"";"";"";"";"";"";"";"";"";"";"";"";"";"";"";"";"";"";"";"";"";"";"";"";"";"";"";"";"";"";"";"";"";"";"";"";"";"";"";"";"";"";"";"";"";"";"Lampe";"";"";"";"";"";"Chaises hautes";"";"";"";""
"";"";"";"";"";"";"";"";"";"";"";"";"";"";"";"";"";"";"";"";"";"";"";"";"";"";"";"";"";"";"";"";"";"";"";"";"";"";"";"";"";"";"";"";"";"";"Lanterne";"";"";"";"";"";"Chambre a coucher, Ensemble";"";"";"";""
"";"";"";"";"";"";"";"";"";"";"";"";"";"";"";"";"";"";"";"";"";"";"";"";"";"";"";"";"";"";"";"";"";"";"";"";"";"";"";"";"";"";"";"";"";"";"Latex";"";"";"";"";"";"Chambres completes";"";"";"";""
"";"";"";"";"";"";"";"";"";"";"";"";"";"";"";"";"";"";"";"";"";"";"";"";"";"";"";"";"";"";"";"";"";"";"";"";"";"";"";"";"";"";"";"";"";"";"Lattes";"";"";"";"";"";"Chandelier";"";"";"";""
"";"";"";"";"";"";"";"";"";"";"";"";"";"";"";"";"";"";"";"";"";"";"";"";"";"";"";"";"";"";"";"";"";"";"";"";"";"";"";"";"";"";"";"";"";"";"Lavabo a suspendre";"";"";"";"";"";"Chauffeuse";"";"";"";""
"";"";"";"";"";"";"";"";"";"";"";"";"";"";"";"";"";"";"";"";"";"";"";"";"";"";"";"";"";"";"";"";"";"";"";"";"";"";"";"";"";"";"";"";"";"";"Lavabo sur pied";"";"";"";"";"";"Chevalet";"";"";"";""
"";"";"";"";"";"";"";"";"";"";"";"";"";"";"";"";"";"";"";"";"";"";"";"";"";"";"";"";"";"";"";"";"";"";"";"";"";"";"";"";"";"";"";"";"";"";"Lits a barreaux";"";"";"";"";"";"Chevet";"";"";"";""
"";"";"";"";"";"";"";"";"";"";"";"";"";"";"";"";"";"";"";"";"";"";"";"";"";"";"";"";"";"";"";"";"";"";"";"";"";"";"";"";"";"";"";"";"";"";"Lits evolutifs";"";"";"";"";"";"Chiffonnier";"";"";"";""
"";"";"";"";"";"";"";"";"";"";"";"";"";"";"";"";"";"";"";"";"";"";"";"";"";"";"";"";"";"";"";"";"";"";"";"";"";"";"";"";"";"";"";"";"";"";"Lits parapluie";"";"";"";"";"";"Ciel de lit, Moustiquaire";"";"";"";""
"";"";"";"";"";"";"";"";"";"";"";"";"";"";"";"";"";"";"";"";"";"";"";"";"";"";"";"";"";"";"";"";"";"";"";"";"";"";"";"";"";"";"";"";"";"";"Longue";"";"";"";"";"";"Cintres";"";"";"";""
"";"";"";"";"";"";"";"";"";"";"";"";"";"";"";"";"";"";"";"";"";"";"";"";"";"";"";"";"";"";"";"";"";"";"";"";"";"";"";"";"";"";"";"";"";"";"Lot";"";"";"";"";"";"Classeurs de bureau";"";"";"";""
"";"";"";"";"";"";"";"";"";"";"";"";"";"";"";"";"";"";"";"";"";"";"";"";"";"";"";"";"";"";"";"";"";"";"";"";"";"";"";"";"";"";"";"";"";"";"Loupe";"";"";"";"";"";"Clic clac";"";"";"";""
"";"";"";"";"";"";"";"";"";"";"";"";"";"";"";"";"";"";"";"";"";"";"";"";"";"";"";"";"";"";"";"";"";"";"";"";"";"";"";"";"";"";"";"";"";"";"Machine";"";"";"";"";"";"Clic-clac";"";"";"";""
"";"";"";"";"";"";"";"";"";"";"";"";"";"";"";"";"";"";"";"";"";"";"";"";"";"";"";"";"";"";"";"";"";"";"";"";"";"";"";"";"";"";"";"";"";"";"Marquise";"";"";"";"";"";"Cloison amovible";"";"";"";""
"";"";"";"";"";"";"";"";"";"";"";"";"";"";"";"";"";"";"";"";"";"";"";"";"";"";"";"";"";"";"";"";"";"";"";"";"";"";"";"";"";"";"";"";"";"";"Matelas";"";"";"";"";"";"Coffre";"";"";"";""
"";"";"";"";"";"";"";"";"";"";"";"";"";"";"";"";"";"";"";"";"";"";"";"";"";"";"";"";"";"";"";"";"";"";"";"";"";"";"";"";"";"";"";"";"";"";"Medaillon";"";"";"";"";"";"Coffre a jouet";"";"";"";""
"";"";"";"";"";"";"";"";"";"";"";"";"";"";"";"";"";"";"";"";"";"";"";"";"";"";"";"";"";"";"";"";"";"";"";"";"";"";"";"";"";"";"";"";"";"";"Metteur en scene";"";"";"";"";"";"Coffret";"";"";"";""
"";"";"";"";"";"";"";"";"";"";"";"";"";"";"";"";"";"";"";"";"";"";"";"";"";"";"";"";"";"";"";"";"";"";"";"";"";"";"";"";"";"";"";"";"";"";"Meuble avec tiroirs";"";"";"";"";"";"Coiffeuse";"";"";"";""
"";"";"";"";"";"";"";"";"";"";"";"";"";"";"";"";"";"";"";"";"";"";"";"";"";"";"";"";"";"";"";"";"";"";"";"";"";"";"";"";"";"";"";"";"";"";"Meuble de rangement";"";"";"";"";"";"Commode";"";"";"";""
"";"";"";"";"";"";"";"";"";"";"";"";"";"";"";"";"";"";"";"";"";"";"";"";"";"";"";"";"";"";"";"";"";"";"";"";"";"";"";"";"";"";"";"";"";"";"Meuble ferme";"";"";"";"";"";"Commode, Chiffonnier";"";"";"";""
"";"";"";"";"";"";"";"";"";"";"";"";"";"";"";"";"";"";"";"";"";"";"";"";"";"";"";"";"";"";"";"";"";"";"";"";"";"";"";"";"";"";"";"";"";"";"Meuble sous lavabo";"";"";"";"";"";"Commodes";"";"";"";""
"";"";"";"";"";"";"";"";"";"";"";"";"";"";"";"";"";"";"";"";"";"";"";"";"";"";"";"";"";"";"";"";"";"";"";"";"";"";"";"";"";"";"";"";"";"";"Meuble vasque";"";"";"";"";"";"Composition mixte";"";"";"";""
"";"";"";"";"";"";"";"";"";"";"";"";"";"";"";"";"";"";"";"";"";"";"";"";"";"";"";"";"";"";"";"";"";"";"";"";"";"";"";"";"";"";"";"";"";"";"Miroir";"";"";"";"";"";"Corbeille";"";"";"";""
"";"";"";"";"";"";"";"";"";"";"";"";"";"";"";"";"";"";"";"";"";"";"";"";"";"";"";"";"";"";"";"";"";"";"";"";"";"";"";"";"";"";"";"";"";"";"Mousse";"";"";"";"";"";"Coucou";"";"";"";""
"";"";"";"";"";"";"";"";"";"";"";"";"";"";"";"";"";"";"";"";"";"";"";"";"";"";"";"";"";"";"";"";"";"";"";"";"";"";"";"";"";"";"";"";"";"";"Mouvement a quartz";"";"";"";"";"";"Couette";"";"";"";""
"";"";"";"";"";"";"";"";"";"";"";"";"";"";"";"";"";"";"";"";"";"";"";"";"";"";"";"";"";"";"";"";"";"";"";"";"";"";"";"";"";"";"";"";"";"";"Mouvement mecanique";"";"";"";"";"";"Couette enfant bébé";"";"";"";""
"";"";"";"";"";"";"";"";"";"";"";"";"";"";"";"";"";"";"";"";"";"";"";"";"";"";"";"";"";"";"";"";"";"";"";"";"";"";"";"";"";"";"";"";"";"";"Multi-positions";"";"";"";"";"";"Couettes";"";"";"";""
"";"";"";"";"";"";"";"";"";"";"";"";"";"";"";"";"";"";"";"";"";"";"";"";"";"";"";"";"";"";"";"";"";"";"";"";"";"";"";"";"";"";"";"";"";"";"Mur d'eau";"";"";"";"";"";"Couffins";"";"";"";""
"";"";"";"";"";"";"";"";"";"";"";"";"";"";"";"";"";"";"";"";"";"";"";"";"";"";"";"";"";"";"";"";"";"";"";"";"";"";"";"";"";"";"";"";"";"";"Murale";"";"";"";"";"";"Coupe";"";"";"";""
"";"";"";"";"";"";"";"";"";"";"";"";"";"";"";"";"";"";"";"";"";"";"";"";"";"";"";"";"";"";"";"";"";"";"";"";"";"";"";"";"";"";"";"";"";"";"Naturel";"";"";"";"";"";"Coupe a fruits";"";"";"";""
"";"";"";"";"";"";"";"";"";"";"";"";"";"";"";"";"";"";"";"";"";"";"";"";"";"";"";"";"";"";"";"";"";"";"";"";"";"";"";"";"";"";"";"";"";"";"Oreiller de baignoire";"";"";"";"";"";"Coupe à glace";"";"";"";""
"";"";"";"";"";"";"";"";"";"";"";"";"";"";"";"";"";"";"";"";"";"";"";"";"";"";"";"";"";"";"";"";"";"";"";"";"";"";"";"";"";"";"";"";"";"";"Orient";"";"";"";"";"";"Coupelle";"";"";"";""
"";"";"";"";"";"";"";"";"";"";"";"";"";"";"";"";"";"";"";"";"";"";"";"";"";"";"";"";"";"";"";"";"";"";"";"";"";"";"";"";"";"";"";"";"";"";"Outil pour bracelet";"";"";"";"";"";"Coupelle, Vide-poche";"";"";"";""
"";"";"";"";"";"";"";"";"";"";"";"";"";"";"";"";"";"";"";"";"";"";"";"";"";"";"";"";"";"";"";"";"";"";"";"";"";"";"";"";"";"";"";"";"";"";"Paillee";"";"";"";"";"";"Coussin";"";"";"";""
"";"";"";"";"";"";"";"";"";"";"";"";"";"";"";"";"";"";"";"";"";"";"";"";"";"";"";"";"";"";"";"";"";"";"";"";"";"";"";"";"";"";"";"";"";"";"Panier a linge";"";"";"";"";"";"Coussin de chaise";"";"";"";""
"";"";"";"";"";"";"";"";"";"";"";"";"";"";"";"";"";"";"";"";"";"";"";"";"";"";"";"";"";"";"";"";"";"";"";"";"";"";"";"";"";"";"";"";"";"";"Panoramique";"";"";"";"";"";"Coussin de sol";"";"";"";""
"";"";"";"";"";"";"";"";"";"";"";"";"";"";"";"";"";"";"";"";"";"";"";"";"";"";"";"";"";"";"";"";"";"";"";"";"";"";"";"";"";"";"";"";"";"";"Pare-baignoire";"";"";"";"";"";"Couverts";"";"";"";""
"";"";"";"";"";"";"";"";"";"";"";"";"";"";"";"";"";"";"";"";"";"";"";"";"";"";"";"";"";"";"";"";"";"";"";"";"";"";"";"";"";"";"";"";"";"";"Paroi";"";"";"";"";"";"Couvertures";"";"";"";""
"";"";"";"";"";"";"";"";"";"";"";"";"";"";"";"";"";"";"";"";"";"";"";"";"";"";"";"";"";"";"";"";"";"";"";"";"";"";"";"";"";"";"";"";"";"";"Parures, Ensembles";"";"";"";"";"";"Crochet";"";"";"";""
"";"";"";"";"";"";"";"";"";"";"";"";"";"";"";"";"";"";"";"";"";"";"";"";"";"";"";"";"";"";"";"";"";"";"";"";"";"";"";"";"";"";"";"";"";"";"Patchwork";"";"";"";"";"";"Crédence";"";"";"";""
"";"";"";"";"";"";"";"";"";"";"";"";"";"";"";"";"";"";"";"";"";"";"";"";"";"";"";"";"";"";"";"";"";"";"";"";"";"";"";"";"";"";"";"";"";"";"Penderie";"";"";"";"";"";"Cubes de rangement";"";"";"";""
"";"";"";"";"";"";"";"";"";"";"";"";"";"";"";"";"";"";"";"";"";"";"";"";"";"";"";"";"";"";"";"";"";"";"";"";"";"";"";"";"";"";"";"";"";"";"Penderie + Etageres";"";"";"";"";"";"Cuisine complete";"";"";"";""
"";"";"";"";"";"";"";"";"";"";"";"";"";"";"";"";"";"";"";"";"";"";"";"";"";"";"";"";"";"";"";"";"";"";"";"";"";"";"";"";"";"";"";"";"";"";"Petit format";"";"";"";"";"";"Decoration murale";"";"";"";""
"";"";"";"";"";"";"";"";"";"";"";"";"";"";"";"";"";"";"";"";"";"";"";"";"";"";"";"";"";"";"";"";"";"";"";"";"";"";"";"";"";"";"";"";"";"";"Petit mobilier enfant";"";"";"";"";"";"Decorations";"";"";"";""
"";"";"";"";"";"";"";"";"";"";"";"";"";"";"";"";"";"";"";"";"";"";"";"";"";"";"";"";"";"";"";"";"";"";"";"";"";"";"";"";"";"";"";"";"";"";"Petit rangement CD";"";"";"";"";"";"Descente de lit";"";"";"";""
"";"";"";"";"";"";"";"";"";"";"";"";"";"";"";"";"";"";"";"";"";"";"";"";"";"";"";"";"";"";"";"";"";"";"";"";"";"";"";"";"";"";"";"";"";"";"Photophore";"";"";"";"";"";"Desserte";"";"";"";""
"";"";"";"";"";"";"";"";"";"";"";"";"";"";"";"";"";"";"";"";"";"";"";"";"";"";"";"";"";"";"";"";"";"";"";"";"";"";"";"";"";"";"";"";"";"";"Pied de lavabo";"";"";"";"";"";"Dessous de plat";"";"";"";""
"";"";"";"";"";"";"";"";"";"";"";"";"";"";"";"";"";"";"";"";"";"";"";"";"";"";"";"";"";"";"";"";"";"";"";"";"";"";"";"";"";"";"";"";"";"";"Pilier, Lampion";"";"";"";"";"";"Dosseret";"";"";"";""
"";"";"";"";"";"";"";"";"";"";"";"";"";"";"";"";"";"";"";"";"";"";"";"";"";"";"";"";"";"";"";"";"";"";"";"";"";"";"";"";"";"";"";"";"";"";"Pique-nique";"";"";"";"";"";"Douche";"";"";"";""
"";"";"";"";"";"";"";"";"";"";"";"";"";"";"";"";"";"";"";"";"";"";"";"";"";"";"";"";"";"";"";"";"";"";"";"";"";"";"";"";"";"";"";"";"";"";"Pivotant avec accoudoirs";"";"";"";"";"";"Dressing";"";"";"";""
"";"";"";"";"";"";"";"";"";"";"";"";"";"";"";"";"";"";"";"";"";"";"";"";"";"";"";"";"";"";"";"";"";"";"";"";"";"";"";"";"";"";"";"";"";"";"Pivotant sans accoudoirs";"";"";"";"";"";"Décoration de Noel";"";"";"";""
"";"";"";"";"";"";"";"";"";"";"";"";"";"";"";"";"";"";"";"";"";"";"";"";"";"";"";"";"";"";"";"";"";"";"";"";"";"";"";"";"";"";"";"";"";"";"Place, Numero, Rue";"";"";"";"";"";"Emaux";"";"";"";""
"";"";"";"";"";"";"";"";"";"";"";"";"";"";"";"";"";"";"";"";"";"";"";"";"";"";"";"";"";"";"";"";"";"";"";"";"";"";"";"";"";"";"";"";"";"";"Plan vasque";"";"";"";"";"";"Encens";"";"";"";""
"";"";"";"";"";"";"";"";"";"";"";"";"";"";"";"";"";"";"";"";"";"";"";"";"";"";"";"";"";"";"";"";"";"";"";"";"";"";"";"";"";"";"";"";"";"";"Plateau";"";"";"";"";"";"Encre";"";"";"";""
"";"";"";"";"";"";"";"";"";"";"";"";"";"";"";"";"";"";"";"";"";"";"";"";"";"";"";"";"";"";"";"";"";"";"";"";"";"";"";"";"";"";"";"";"";"";"Pliable";"";"";"";"";"";"Ensemble canape + fauteuil(s)";"";"";"";""
"";"";"";"";"";"";"";"";"";"";"";"";"";"";"";"";"";"";"";"";"";"";"";"";"";"";"";"";"";"";"";"";"";"";"";"";"";"";"";"";"";"";"";"";"";"";"Pliant";"";"";"";"";"";"Ensemble canapes";"";"";"";""
"";"";"";"";"";"";"";"";"";"";"";"";"";"";"";"";"";"";"";"";"";"";"";"";"";"";"";"";"";"";"";"";"";"";"";"";"";"";"";"";"";"";"";"";"";"";"Pliante";"";"";"";"";"";"Ensemble de bureau";"";"";"";""
"";"";"";"";"";"";"";"";"";"";"";"";"";"";"";"";"";"";"";"";"";"";"";"";"";"";"";"";"";"";"";"";"";"";"";"";"";"";"";"";"";"";"";"";"";"";"Plus de 3 tiroirs";"";"";"";"";"";"Ensemble matelas + sommier";"";"";"";""
"";"";"";"";"";"";"";"";"";"";"";"";"";"";"";"";"";"";"";"";"";"";"";"";"";"";"";"";"";"";"";"";"";"";"";"";"";"";"";"";"";"";"";"";"";"";"Poids";"";"";"";"";"";"Ensemble matelas + sommier + cadre de lit";"";"";"";""
"";"";"";"";"";"";"";"";"";"";"";"";"";"";"";"";"";"";"";"";"";"";"";"";"";"";"";"";"";"";"";"";"";"";"";"";"";"";"";"";"";"";"";"";"";"";"Poignee";"";"";"";"";"";"Ensemble table et chaises";"";"";"";""
"";"";"";"";"";"";"";"";"";"";"";"";"";"";"";"";"";"";"";"";"";"";"";"";"";"";"";"";"";"";"";"";"";"";"";"";"";"";"";"";"";"";"";"";"";"";"Poignee d'appui";"";"";"";"";"";"Escalier";"";"";"";""
"";"";"";"";"";"";"";"";"";"";"";"";"";"";"";"";"";"";"";"";"";"";"";"";"";"";"";"";"";"";"";"";"";"";"";"";"";"";"";"";"";"";"";"";"";"";"Pommeau";"";"";"";"";"";"Estampe";"";"";"";""
"";"";"";"";"";"";"";"";"";"";"";"";"";"";"";"";"";"";"";"";"";"";"";"";"";"";"";"";"";"";"";"";"";"";"";"";"";"";"";"";"";"";"";"";"";"";"Pommeau + Flexible";"";"";"";"";"";"Etagere, Bibliotheque";"";"";"";""
"";"";"";"";"";"";"";"";"";"";"";"";"";"";"";"";"";"";"";"";"";"";"";"";"";"";"";"";"";"";"";"";"";"";"";"";"";"";"";"";"";"";"";"";"";"";"Porte";"";"";"";"";"";"Evier 1 bac";"";"";"";""
"";"";"";"";"";"";"";"";"";"";"";"";"";"";"";"";"";"";"";"";"";"";"";"";"";"";"";"";"";"";"";"";"";"";"";"";"";"";"";"";"";"";"";"";"";"";"Porte battante";"";"";"";"";"";"Evier 2 bacs";"";"";"";""
"";"";"";"";"";"";"";"";"";"";"";"";"";"";"";"";"";"";"";"";"";"";"";"";"";"";"";"";"";"";"";"";"";"";"";"";"";"";"";"";"";"";"";"";"";"";"Porte coulissante";"";"";"";"";"";"Fauteuil";"";"";"";""
"";"";"";"";"";"";"";"";"";"";"";"";"";"";"";"";"";"";"";"";"";"";"";"";"";"";"";"";"";"";"";"";"";"";"";"";"";"";"";"";"";"";"";"";"";"";"Porte coulissante, Pliante";"";"";"";"";"";"Fauteuil boule";"";"";"";""
"";"";"";"";"";"";"";"";"";"";"";"";"";"";"";"";"";"";"";"";"";"";"";"";"";"";"";"";"";"";"";"";"";"";"";"";"";"";"";"";"";"";"";"";"";"";"Porte mouvement";"";"";"";"";"";"Fauteuil de bureau";"";"";"";""
"";"";"";"";"";"";"";"";"";"";"";"";"";"";"";"";"";"";"";"";"";"";"";"";"";"";"";"";"";"";"";"";"";"";"";"";"";"";"";"";"";"";"";"";"";"";"Porte-papier";"";"";"";"";"";"Fauteuil relaxation";"";"";"";""
"";"";"";"";"";"";"";"";"";"";"";"";"";"";"";"";"";"";"";"";"";"";"";"";"";"";"";"";"";"";"";"";"";"";"";"";"";"";"";"";"";"";"";"";"";"";"Porte-serviettes";"";"";"";"";"";"Fibre à peindre";"";"";"";""
"";"";"";"";"";"";"";"";"";"";"";"";"";"";"";"";"";"";"";"";"";"";"";"";"";"";"";"";"";"";"";"";"";"";"";"";"";"";"";"";"";"";"";"";"";"";"Poubelle";"";"";"";"";"";"Figurine, Statue";"";"";"";""
"";"";"";"";"";"";"";"";"";"";"";"";"";"";"";"";"";"";"";"";"";"";"";"";"";"";"";"";"";"";"";"";"";"";"";"";"";"";"";"";"";"";"";"";"";"";"Pour chaise";"";"";"";"";"";"Fleurs artificielles";"";"";"";""
"";"";"";"";"";"";"";"";"";"";"";"";"";"";"";"";"";"";"";"";"";"";"";"";"";"";"";"";"";"";"";"";"";"";"";"";"";"";"";"";"";"";"";"";"";"";"Pour fauteuil";"";"";"";"";"";"Fontaine d'interieur";"";"";"";""
"";"";"";"";"";"";"";"";"";"";"";"";"";"";"";"";"";"";"";"";"";"";"";"";"";"";"";"";"";"";"";"";"";"";"";"";"";"";"";"";"";"";"";"";"";"";"Prenom";"";"";"";"";"";"Frise";"";"";"";""
"";"";"";"";"";"";"";"";"";"";"";"";"";"";"";"";"";"";"";"";"";"";"";"";"";"";"";"";"";"";"";"";"";"";"";"";"";"";"";"";"";"";"";"";"";"";"Presse";"";"";"";"";"";"Futon";"";"";"";""
"";"";"";"";"";"";"";"";"";"";"";"";"";"";"";"";"";"";"";"";"";"";"";"";"";"";"";"";"";"";"";"";"";"";"";"";"";"";"";"";"";"";"";"";"";"";"Psyche, Plein pied";"";"";"";"";"";"Garde manger";"";"";"";""
"";"";"";"";"";"";"";"";"";"";"";"";"";"";"";"";"";"";"";"";"";"";"";"";"";"";"";"";"";"";"";"";"";"";"";"";"";"";"";"";"";"";"";"";"";"";"Receveur, Bac";"";"";"";"";"";"Gong";"";"";"";""
"";"";"";"";"";"";"";"";"";"";"";"";"";"";"";"";"";"";"";"";"";"";"";"";"";"";"";"";"";"";"";"";"";"";"";"";"";"";"";"";"";"";"";"";"";"";"Ressort";"";"";"";"";"";"Gouache";"";"";"";""
"";"";"";"";"";"";"";"";"";"";"";"";"";"";"";"";"";"";"";"";"";"";"";"";"";"";"";"";"";"";"";"";"";"";"";"";"";"";"";"";"";"";"";"";"";"";"Ressorts, Tapissier";"";"";"";"";"";"Gravure";"";"";"";""
"";"";"";"";"";"";"";"";"";"";"";"";"";"";"";"";"";"";"";"";"";"";"";"";"";"";"";"";"";"";"";"";"";"";"";"";"";"";"";"";"";"";"";"";"";"";"Rideau";"";"";"";"";"";"Guirlande";"";"";"";""
"";"";"";"";"";"";"";"";"";"";"";"";"";"";"";"";"";"";"";"";"";"";"";"";"";"";"";"";"";"";"";"";"";"";"";"";"";"";"";"";"";"";"";"";"";"";"Rocking-chair, a bascule";"";"";"";"";"";"Guirlande lumineuse";"";"";"";""
"";"";"";"";"";"";"";"";"";"";"";"";"";"";"";"";"";"";"";"";"";"";"";"";"";"";"";"";"";"";"";"";"";"";"";"";"";"";"";"";"";"";"";"";"";"";"Rotatif";"";"";"";"";"";"Guéridon";"";"";"";""
"";"";"";"";"";"";"";"";"";"";"";"";"";"";"";"";"";"";"";"";"";"";"";"";"";"";"";"";"";"";"";"";"";"";"";"";"";"";"";"";"";"";"";"";"";"";"Roulette";"";"";"";"";"";"Horloge";"";"";"";""
"";"";"";"";"";"";"";"";"";"";"";"";"";"";"";"";"";"";"";"";"";"";"";"";"";"";"";"";"";"";"";"";"";"";"";"";"";"";"";"";"";"";"";"";"";"";"Salle de bain";"";"";"";"";"";"Horloge de parquet";"";"";"";""
"";"";"";"";"";"";"";"";"";"";"";"";"";"";"";"";"";"";"";"";"";"";"";"";"";"";"";"";"";"";"";"";"";"";"";"";"";"";"";"";"";"";"";"";"";"";"Set d'accessoires a fixer";"";"";"";"";"";"Housse";"";"";"";""
"";"";"";"";"";"";"";"";"";"";"";"";"";"";"";"";"";"";"";"";"";"";"";"";"";"";"";"";"";"";"";"";"";"";"";"";"";"";"";"";"";"";"";"";"";"";"Set d'accessoires a poser";"";"";"";"";"";"Housse Bz";"";"";"";""
"";"";"";"";"";"";"";"";"";"";"";"";"";"";"";"";"";"";"";"";"";"";"";"";"";"";"";"";"";"";"";"";"";"";"";"";"";"";"";"";"";"";"";"";"";"";"Shaggy";"";"";"";"";"";"Housse Clic-clac";"";"";"";""
"";"";"";"";"";"";"";"";"";"";"";"";"";"";"";"";"";"";"";"";"";"";"";"";"";"";"";"";"";"";"";"";"";"";"";"";"";"";"";"";"";"";"";"";"";"";"Simple";"";"";"";"";"";"Housse canape";"";"";"";""
"";"";"";"";"";"";"";"";"";"";"";"";"";"";"";"";"";"";"";"";"";"";"";"";"";"";"";"";"";"";"";"";"";"";"";"";"";"";"";"";"";"";"";"";"";"";"Spherique, Boule";"";"";"";"";"";"Housse de matelas";"";"";"";""
"";"";"";"";"";"";"";"";"";"";"";"";"";"";"";"";"";"";"";"";"";"";"";"";"";"";"";"";"";"";"";"";"";"";"";"";"";"";"";"";"";"";"";"";"";"";"Standard";"";"";"";"";"";"Housse de protection oreiller";"";"";"";""
"";"";"";"";"";"";"";"";"";"";"";"";"";"";"";"";"";"";"";"";"";"";"";"";"";"";"";"";"";"";"";"";"";"";"";"";"";"";"";"";"";"";"";"";"";"";"Sticker";"";"";"";"";"";"Housse de tête de lit";"";"";"";""
"";"";"";"";"";"";"";"";"";"";"";"";"";"";"";"";"";"";"";"";"";"";"";"";"";"";"";"";"";"";"";"";"";"";"";"";"";"";"";"";"";"";"";"";"";"";"Style africain";"";"";"";"";"";"Huile";"";"";"";""
"";"";"";"";"";"";"";"";"";"";"";"";"";"";"";"";"";"";"";"";"";"";"";"";"";"";"";"";"";"";"";"";"";"";"";"";"";"";"";"";"";"";"";"";"";"";"Style asiatique";"";"";"";"";"";"Huile, Extrait de parfum";"";"";"";""
"";"";"";"";"";"";"";"";"";"";"";"";"";"";"";"";"";"";"";"";"";"";"";"";"";"";"";"";"";"";"";"";"";"";"";"";"";"";"";"";"";"";"";"";"";"";"Style celtique";"";"";"";"";"";"Imari";"";"";"";""
"";"";"";"";"";"";"";"";"";"";"";"";"";"";"";"";"";"";"";"";"";"";"";"";"";"";"";"";"";"";"";"";"";"";"";"";"";"";"";"";"";"";"";"";"";"";"Style fantaisie";"";"";"";"";"";"Jeu d'echec";"";"";"";""
"";"";"";"";"";"";"";"";"";"";"";"";"";"";"";"";"";"";"";"";"";"";"";"";"";"";"";"";"";"";"";"";"";"";"";"";"";"";"";"";"";"";"";"";"";"";"Sur pied";"";"";"";"";"";"Lampadaire";"";"";"";""
"";"";"";"";"";"";"";"";"";"";"";"";"";"";"";"";"";"";"";"";"";"";"";"";"";"";"";"";"";"";"";"";"";"";"";"";"";"";"";"";"";"";"";"";"";"";"Sur pied, Perroquet";"";"";"";"";"";"Lampe";"";"";"";""
"";"";"";"";"";"";"";"";"";"";"";"";"";"";"";"";"";"";"";"";"";"";"";"";"";"";"";"";"";"";"";"";"";"";"";"";"";"";"";"";"";"";"";"";"";"";"Suspension";"";"";"";"";"";"Lampe a huile";"";"";"";""
"";"";"";"";"";"";"";"";"";"";"";"";"";"";"";"";"";"";"";"";"";"";"";"";"";"";"";"";"";"";"";"";"";"";"";"";"";"";"";"";"";"";"";"";"";"";"Synthétique";"";"";"";"";"";"Lampe a huile odorante";"";"";"";""
"";"";"";"";"";"";"";"";"";"";"";"";"";"";"";"";"";"";"";"";"";"";"";"";"";"";"";"";"";"";"";"";"";"";"";"";"";"";"";"";"";"";"";"";"";"";"Table a plateaux";"";"";"";"";"";"Lampe berger";"";"";"";""
"";"";"";"";"";"";"";"";"";"";"";"";"";"";"";"";"";"";"";"";"";"";"";"";"";"";"";"";"";"";"";"";"";"";"";"";"";"";"";"";"";"";"";"";"";"";"Table basse";"";"";"";"";"";"Lampe de chevet";"";"";"";""
"";"";"";"";"";"";"";"";"";"";"";"";"";"";"";"";"";"";"";"";"";"";"";"";"";"";"";"";"";"";"";"";"";"";"";"";"";"";"";"";"";"";"";"";"";"";"Table de chevet";"";"";"";"";"";"Lampe luminothérapie";"";"";"";""
"";"";"";"";"";"";"";"";"";"";"";"";"";"";"";"";"";"";"";"";"";"";"";"";"";"";"";"";"";"";"";"";"";"";"";"";"";"";"";"";"";"";"";"";"";"";"Table de jardin";"";"";"";"";"";"Lanterne";"";"";"";""
"";"";"";"";"";"";"";"";"";"";"";"";"";"";"";"";"";"";"";"";"";"";"";"";"";"";"";"";"";"";"";"";"";"";"";"";"";"";"";"";"";"";"";"";"";"";"Table de repas";"";"";"";"";"";"Lavabo";"";"";"";""
"";"";"";"";"";"";"";"";"";"";"";"";"";"";"";"";"";"";"";"";"";"";"";"";"";"";"";"";"";"";"";"";"";"";"";"";"";"";"";"";"";"";"";"";"";"";"Table haute, de bar";"";"";"";"";"";"Lavabo, Vasque";"";"";"";""
"";"";"";"";"";"";"";"";"";"";"";"";"";"";"";"";"";"";"";"";"";"";"";"";"";"";"";"";"";"";"";"";"";"";"";"";"";"";"";"";"";"";"";"";"";"";"Tables, Plans";"";"";"";"";"";"Linge de lit";"";"";"";""
"";"";"";"";"";"";"";"";"";"";"";"";"";"";"";"";"";"";"";"";"";"";"";"";"";"";"";"";"";"";"";"";"";"";"";"";"";"";"";"";"";"";"";"";"";"";"Tablette";"";"";"";"";"";"Liseuse";"";"";"";""
"";"";"";"";"";"";"";"";"";"";"";"";"";"";"";"";"";"";"";"";"";"";"";"";"";"";"";"";"";"";"";"";"";"";"";"";"";"";"";"";"";"";"";"";"";"";"Tapis de WC";"";"";"";"";"";"Lit";"";"";"";""
"";"";"";"";"";"";"";"";"";"";"";"";"";"";"";"";"";"";"";"";"";"";"";"";"";"";"";"";"";"";"";"";"";"";"";"";"";"";"";"";"";"";"";"";"";"";"Tapis de bain";"";"";"";"";"";"Lit bébé";"";"";"";""
"";"";"";"";"";"";"";"";"";"";"";"";"";"";"";"";"";"";"";"";"";"";"";"";"";"";"";"";"";"";"";"";"";"";"";"";"";"";"";"";"";"";"";"";"";"";"Thermometre";"";"";"";"";"";"Lit combiné";"";"";"";""
"";"";"";"";"";"";"";"";"";"";"";"";"";"";"";"";"";"";"";"";"";"";"";"";"";"";"";"";"";"";"";"";"";"";"";"";"";"";"";"";"";"";"";"";"";"";"Tiroirs";"";"";"";"";"";"Lit complet";"";"";"";""
"";"";"";"";"";"";"";"";"";"";"";"";"";"";"";"";"";"";"";"";"";"";"";"";"";"";"";"";"";"";"";"";"";"";"";"";"";"";"";"";"";"";"";"";"";"";"Toilettes";"";"";"";"";"";"Lit d'appoint";"";"";"";""
"";"";"";"";"";"";"";"";"";"";"";"";"";"";"";"";"";"";"";"";"";"";"";"";"";"";"";"";"";"";"";"";"";"";"";"";"";"";"";"";"";"";"";"";"";"";"Toise";"";"";"";"";"";"Lit enfant";"";"";"";""
"";"";"";"";"";"";"";"";"";"";"";"";"";"";"";"";"";"";"";"";"";"";"";"";"";"";"";"";"";"";"";"";"";"";"";"";"";"";"";"";"";"";"";"";"";"";"Tour";"";"";"";"";"";"Lit futon";"";"";"";""
"";"";"";"";"";"";"";"";"";"";"";"";"";"";"";"";"";"";"";"";"";"";"";"";"";"";"";"";"";"";"";"";"";"";"";"";"";"";"";"";"";"";"";"";"";"";"Tour pivotante";"";"";"";"";"";"Lit gigogne";"";"";"";""
"";"";"";"";"";"";"";"";"";"";"";"";"";"";"";"";"";"";"";"";"";"";"";"";"";"";"";"";"";"";"";"";"";"";"";"";"";"";"";"";"";"";"";"";"";"";"Tour, Colonne";"";"";"";"";"";"Lit gonflable";"";"";"";""
"";"";"";"";"";"";"";"";"";"";"";"";"";"";"";"";"";"";"";"";"";"";"";"";"";"";"";"";"";"";"";"";"";"";"";"";"";"";"";"";"";"";"";"";"";"";"Tournevis";"";"";"";"";"";"Lit mezzanine";"";"";"";""
"";"";"";"";"";"";"";"";"";"";"";"";"";"";"";"";"";"";"";"";"";"";"";"";"";"";"";"";"";"";"";"";"";"";"";"";"";"";"";"";"";"";"";"";"";"";"Traditionnelle";"";"";"";"";"";"Lit pliant";"";"";"";""
"";"";"";"";"";"";"";"";"";"";"";"";"";"";"";"";"";"";"";"";"";"";"";"";"";"";"";"";"";"";"";"";"";"";"";"";"";"";"";"";"";"";"";"";"";"";"Tretaux";"";"";"";"";"";"Lit pont";"";"";"";""
"";"";"";"";"";"";"";"";"";"";"";"";"";"";"";"";"";"";"";"";"";"";"";"";"";"";"";"";"";"";"";"";"";"";"";"";"";"";"";"";"";"";"";"";"";"";"Tretaux + Plateau";"";"";"";"";"";"Lit superpose";"";"";"";""
"";"";"";"";"";"";"";"";"";"";"";"";"";"";"";"";"";"";"";"";"";"";"";"";"";"";"";"";"";"";"";"";"";"";"";"";"";"";"";"";"";"";"";"";"";"";"Vasque a encastrer";"";"";"";"";"";"Lits";"";"";"";""
"";"";"";"";"";"";"";"";"";"";"";"";"";"";"";"";"";"";"";"";"";"";"";"";"";"";"";"";"";"";"";"";"";"";"";"";"";"";"";"";"";"";"";"";"";"";"Vasque a poser";"";"";"";"";"";"Lits superposés";"";"";"";""
"";"";"";"";"";"";"";"";"";"";"";"";"";"";"";"";"";"";"";"";"";"";"";"";"";"";"";"";"";"";"";"";"";"";"";"";"";"";"";"";"";"";"";"";"";"";"Veilleuse";"";"";"";"";"";"Livre";"";"";"";""
"";"";"";"";"";"";"";"";"";"";"";"";"";"";"";"";"";"";"";"";"";"";"";"";"";"";"";"";"";"";"";"";"";"";"";"";"";"";"";"";"";"";"";"";"";"";"Veilleuse musicale";"";"";"";"";"";"Lot varie";"";"";"";""
"";"";"";"";"";"";"";"";"";"";"";"";"";"";"";"";"";"";"";"";"";"";"";"";"";"";"";"";"";"";"";"";"";"";"";"";"";"";"";"";"";"";"";"";"";"";"Verre";"";"";"";"";"";"Luminaire";"";"";"";""
"";"";"";"";"";"";"";"";"";"";"";"";"";"";"";"";"";"";"";"";"";"";"";"";"";"";"";"";"";"";"";"";"";"";"";"";"";"";"";"";"";"";"";"";"";"";"Vestiaire, Meuble";"";"";"";"";"";"Luminothérapie";"";"";"";""
"";"";"";"";"";"";"";"";"";"";"";"";"";"";"";"";"";"";"";"";"";"";"";"";"";"";"";"";"";"";"";"";"";"";"";"";"";"";"";"";"";"";"";"";"";"";"Voltaire";"";"";"";"";"";"Lustre";"";"";"";""
"";"";"";"";"";"";"";"";"";"";"";"";"";"";"";"";"";"";"";"";"";"";"";"";"";"";"";"";"";"";"";"";"";"";"";"";"";"";"";"";"";"";"";"";"";"";"";"";"";"";"";"";"Malle";"";"";"";""
"";"";"";"";"";"";"";"";"";"";"";"";"";"";"";"";"";"";"";"";"";"";"";"";"";"";"";"";"";"";"";"";"";"";"";"";"";"";"";"";"";"";"";"";"";"";"";"";"";"";"";"";"Malle, Coffre";"";"";"";""
"";"";"";"";"";"";"";"";"";"";"";"";"";"";"";"";"";"";"";"";"";"";"";"";"";"";"";"";"";"";"";"";"";"";"";"";"";"";"";"";"";"";"";"";"";"";"";"";"";"";"";"";"Mannequin";"";"";"";""
"";"";"";"";"";"";"";"";"";"";"";"";"";"";"";"";"";"";"";"";"";"";"";"";"";"";"";"";"";"";"";"";"";"";"";"";"";"";"";"";"";"";"";"";"";"";"";"";"";"";"";"";"Masque";"";"";"";""
"";"";"";"";"";"";"";"";"";"";"";"";"";"";"";"";"";"";"";"";"";"";"";"";"";"";"";"";"";"";"";"";"";"";"";"";"";"";"";"";"";"";"";"";"";"";"";"";"";"";"";"";"Matelas";"";"";"";""
"";"";"";"";"";"";"";"";"";"";"";"";"";"";"";"";"";"";"";"";"";"";"";"";"";"";"";"";"";"";"";"";"";"";"";"";"";"";"";"";"";"";"";"";"";"";"";"";"";"";"";"";"Matelas Futon";"";"";"";""
"";"";"";"";"";"";"";"";"";"";"";"";"";"";"";"";"";"";"";"";"";"";"";"";"";"";"";"";"";"";"";"";"";"";"";"";"";"";"";"";"";"";"";"";"";"";"";"";"";"";"";"";"Matelas clic clac BZ";"";"";"";""
"";"";"";"";"";"";"";"";"";"";"";"";"";"";"";"";"";"";"";"";"";"";"";"";"";"";"";"";"";"";"";"";"";"";"";"";"";"";"";"";"";"";"";"";"";"";"";"";"";"";"";"";"Matelas enfant bébé";"";"";"";""
"";"";"";"";"";"";"";"";"";"";"";"";"";"";"";"";"";"";"";"";"";"";"";"";"";"";"";"";"";"";"";"";"";"";"";"";"";"";"";"";"";"";"";"";"";"";"";"";"";"";"";"";"Matelas gonflable";"";"";"";""
"";"";"";"";"";"";"";"";"";"";"";"";"";"";"";"";"";"";"";"";"";"";"";"";"";"";"";"";"";"";"";"";"";"";"";"";"";"";"";"";"";"";"";"";"";"";"";"";"";"";"";"";"Matelas latex";"";"";"";""
"";"";"";"";"";"";"";"";"";"";"";"";"";"";"";"";"";"";"";"";"";"";"";"";"";"";"";"";"";"";"";"";"";"";"";"";"";"";"";"";"";"";"";"";"";"";"";"";"";"";"";"";"Matelas mousse";"";"";"";""
"";"";"";"";"";"";"";"";"";"";"";"";"";"";"";"";"";"";"";"";"";"";"";"";"";"";"";"";"";"";"";"";"";"";"";"";"";"";"";"";"";"";"";"";"";"";"";"";"";"";"";"";"Matelas pour lit électrique";"";"";"";""
"";"";"";"";"";"";"";"";"";"";"";"";"";"";"";"";"";"";"";"";"";"";"";"";"";"";"";"";"";"";"";"";"";"";"";"";"";"";"";"";"";"";"";"";"";"";"";"";"";"";"";"";"Matelas ressorts";"";"";"";""
"";"";"";"";"";"";"";"";"";"";"";"";"";"";"";"";"";"";"";"";"";"";"";"";"";"";"";"";"";"";"";"";"";"";"";"";"";"";"";"";"";"";"";"";"";"";"";"";"";"";"";"";"Matelas sur mesure";"";"";"";""
"";"";"";"";"";"";"";"";"";"";"";"";"";"";"";"";"";"";"";"";"";"";"";"";"";"";"";"";"";"";"";"";"";"";"";"";"";"";"";"";"";"";"";"";"";"";"";"";"";"";"";"";"Meridienne";"";"";"";""
"";"";"";"";"";"";"";"";"";"";"";"";"";"";"";"";"";"";"";"";"";"";"";"";"";"";"";"";"";"";"";"";"";"";"";"";"";"";"";"";"";"";"";"";"";"";"";"";"";"";"";"";"Meuble";"";"";"";""
"";"";"";"";"";"";"";"";"";"";"";"";"";"";"";"";"";"";"";"";"";"";"";"";"";"";"";"";"";"";"";"";"";"";"";"";"";"";"";"";"";"";"";"";"";"";"";"";"";"";"";"";"Meuble Hi-FI, TV";"";"";"";""
"";"";"";"";"";"";"";"";"";"";"";"";"";"";"";"";"";"";"";"";"";"";"";"";"";"";"";"";"";"";"";"";"";"";"";"";"";"";"";"";"";"";"";"";"";"";"";"";"";"";"";"";"Meuble bar";"";"";"";""
"";"";"";"";"";"";"";"";"";"";"";"";"";"";"";"";"";"";"";"";"";"";"";"";"";"";"";"";"";"";"";"";"";"";"";"";"";"";"";"";"";"";"";"";"";"";"";"";"";"";"";"";"Meuble bas";"";"";"";""
"";"";"";"";"";"";"";"";"";"";"";"";"";"";"";"";"";"";"";"";"";"";"";"";"";"";"";"";"";"";"";"";"";"";"";"";"";"";"";"";"";"";"";"";"";"";"";"";"";"";"";"";"Meuble bas + haut";"";"";"";""
"";"";"";"";"";"";"";"";"";"";"";"";"";"";"";"";"";"";"";"";"";"";"";"";"";"";"";"";"";"";"";"";"";"";"";"";"";"";"";"";"";"";"";"";"";"";"";"";"";"";"";"";"Meuble colonne";"";"";"";""
"";"";"";"";"";"";"";"";"";"";"";"";"";"";"";"";"";"";"";"";"";"";"";"";"";"";"";"";"";"";"";"";"";"";"";"";"";"";"";"";"";"";"";"";"";"";"";"";"";"";"";"";"Meuble cuisine";"";"";"";""
"";"";"";"";"";"";"";"";"";"";"";"";"";"";"";"";"";"";"";"";"";"";"";"";"";"";"";"";"";"";"";"";"";"";"";"";"";"";"";"";"";"";"";"";"";"";"";"";"";"";"";"";"Meuble d'evier";"";"";"";""
"";"";"";"";"";"";"";"";"";"";"";"";"";"";"";"";"";"";"";"";"";"";"";"";"";"";"";"";"";"";"";"";"";"";"";"";"";"";"";"";"";"";"";"";"";"";"";"";"";"";"";"";"Meuble de coin";"";"";"";""
"";"";"";"";"";"";"";"";"";"";"";"";"";"";"";"";"";"";"";"";"";"";"";"";"";"";"";"";"";"";"";"";"";"";"";"";"";"";"";"";"";"";"";"";"";"";"";"";"";"";"";"";"Meuble de rangement";"";"";"";""
"";"";"";"";"";"";"";"";"";"";"";"";"";"";"";"";"";"";"";"";"";"";"";"";"";"";"";"";"";"";"";"";"";"";"";"";"";"";"";"";"";"";"";"";"";"";"";"";"";"";"";"";"Meuble escalier";"";"";"";""
"";"";"";"";"";"";"";"";"";"";"";"";"";"";"";"";"";"";"";"";"";"";"";"";"";"";"";"";"";"";"";"";"";"";"";"";"";"";"";"";"";"";"";"";"";"";"";"";"";"";"";"";"Meuble haut";"";"";"";""
"";"";"";"";"";"";"";"";"";"";"";"";"";"";"";"";"";"";"";"";"";"";"";"";"";"";"";"";"";"";"";"";"";"";"";"";"";"";"";"";"";"";"";"";"";"";"";"";"";"";"";"";"Meuble informatique";"";"";"";""
"";"";"";"";"";"";"";"";"";"";"";"";"";"";"";"";"";"";"";"";"";"";"";"";"";"";"";"";"";"";"";"";"";"";"";"";"";"";"";"";"";"";"";"";"";"";"";"";"";"";"";"";"Meuble micro onde";"";"";"";""
"";"";"";"";"";"";"";"";"";"";"";"";"";"";"";"";"";"";"";"";"";"";"";"";"";"";"";"";"";"";"";"";"";"";"";"";"";"";"";"";"";"";"";"";"";"";"";"";"";"";"";"";"Meuble ordinateur";"";"";"";""
"";"";"";"";"";"";"";"";"";"";"";"";"";"";"";"";"";"";"";"";"";"";"";"";"";"";"";"";"";"";"";"";"";"";"";"";"";"";"";"";"";"";"";"";"";"";"";"";"";"";"";"";"Meuble salle de bain";"";"";"";""
"";"";"";"";"";"";"";"";"";"";"";"";"";"";"";"";"";"";"";"";"";"";"";"";"";"";"";"";"";"";"";"";"";"";"";"";"";"";"";"";"";"";"";"";"";"";"";"";"";"";"";"";"Meuble tiroir";"";"";"";""
"";"";"";"";"";"";"";"";"";"";"";"";"";"";"";"";"";"";"";"";"";"";"";"";"";"";"";"";"";"";"";"";"";"";"";"";"";"";"";"";"";"";"";"";"";"";"";"";"";"";"";"";"Meuble à chaussures";"";"";"";""
"";"";"";"";"";"";"";"";"";"";"";"";"";"";"";"";"";"";"";"";"";"";"";"";"";"";"";"";"";"";"";"";"";"";"";"";"";"";"";"";"";"";"";"";"";"";"";"";"";"";"";"";"Meubles TV";"";"";"";""
"";"";"";"";"";"";"";"";"";"";"";"";"";"";"";"";"";"";"";"";"";"";"";"";"";"";"";"";"";"";"";"";"";"";"";"";"";"";"";"";"";"";"";"";"";"";"";"";"";"";"";"";"Meubles a langer";"";"";"";""
"";"";"";"";"";"";"";"";"";"";"";"";"";"";"";"";"";"";"";"";"";"";"";"";"";"";"";"";"";"";"";"";"";"";"";"";"";"";"";"";"";"";"";"";"";"";"";"";"";"";"";"";"Mezzanine";"";"";"";""
"";"";"";"";"";"";"";"";"";"";"";"";"";"";"";"";"";"";"";"";"";"";"";"";"";"";"";"";"";"";"";"";"";"";"";"";"";"";"";"";"";"";"";"";"";"";"";"";"";"";"";"";"Miroir";"";"";"";""
"";"";"";"";"";"";"";"";"";"";"";"";"";"";"";"";"";"";"";"";"";"";"";"";"";"";"";"";"";"";"";"";"";"";"";"";"";"";"";"";"";"";"";"";"";"";"";"";"";"";"";"";"Miroir salle de bain";"";"";"";""
"";"";"";"";"";"";"";"";"";"";"";"";"";"";"";"";"";"";"";"";"";"";"";"";"";"";"";"";"";"";"";"";"";"";"";"";"";"";"";"";"";"";"";"";"";"";"";"";"";"";"";"";"Mobilier";"";"";"";""
"";"";"";"";"";"";"";"";"";"";"";"";"";"";"";"";"";"";"";"";"";"";"";"";"";"";"";"";"";"";"";"";"";"";"";"";"";"";"";"";"";"";"";"";"";"";"";"";"";"";"";"";"Mobilier miniature";"";"";"";""
"";"";"";"";"";"";"";"";"";"";"";"";"";"";"";"";"";"";"";"";"";"";"";"";"";"";"";"";"";"";"";"";"";"";"";"";"";"";"";"";"";"";"";"";"";"";"";"";"";"";"";"";"Mug";"";"";"";""
"";"";"";"";"";"";"";"";"";"";"";"";"";"";"";"";"";"";"";"";"";"";"";"";"";"";"";"";"";"";"";"";"";"";"";"";"";"";"";"";"";"";"";"";"";"";"";"";"";"";"";"";"Mural";"";"";"";""
"";"";"";"";"";"";"";"";"";"";"";"";"";"";"";"";"";"";"";"";"";"";"";"";"";"";"";"";"";"";"";"";"";"";"";"";"";"";"";"";"";"";"";"";"";"";"";"";"";"";"";"";"Ménagère";"";"";"";""
"";"";"";"";"";"";"";"";"";"";"";"";"";"";"";"";"";"";"";"";"";"";"";"";"";"";"";"";"";"";"";"";"";"";"";"";"";"";"";"";"";"";"";"";"";"";"";"";"";"";"";"";"Natte";"";"";"";""
"";"";"";"";"";"";"";"";"";"";"";"";"";"";"";"";"";"";"";"";"";"";"";"";"";"";"";"";"";"";"";"";"";"";"";"";"";"";"";"";"";"";"";"";"";"";"";"";"";"";"";"";"Netsuke";"";"";"";""
"";"";"";"";"";"";"";"";"";"";"";"";"";"";"";"";"";"";"";"";"";"";"";"";"";"";"";"";"";"";"";"";"";"";"";"";"";"";"";"";"";"";"";"";"";"";"";"";"";"";"";"";"OEuf decoratif";"";"";"";""
"";"";"";"";"";"";"";"";"";"";"";"";"";"";"";"";"";"";"";"";"";"";"";"";"";"";"";"";"";"";"";"";"";"";"";"";"";"";"";"";"";"";"";"";"";"";"";"";"";"";"";"";"Objet déco";"";"";"";""
"";"";"";"";"";"";"";"";"";"";"";"";"";"";"";"";"";"";"";"";"";"";"";"";"";"";"";"";"";"";"";"";"";"";"";"";"";"";"";"";"";"";"";"";"";"";"";"";"";"";"";"";"Objet guerrier";"";"";"";""
"";"";"";"";"";"";"";"";"";"";"";"";"";"";"";"";"";"";"";"";"";"";"";"";"";"";"";"";"";"";"";"";"";"";"";"";"";"";"";"";"";"";"";"";"";"";"";"";"";"";"";"";"Oreiller";"";"";"";""
"";"";"";"";"";"";"";"";"";"";"";"";"";"";"";"";"";"";"";"";"";"";"";"";"";"";"";"";"";"";"";"";"";"";"";"";"";"";"";"";"";"";"";"";"";"";"";"";"";"";"";"";"Oreiller enfant bébé";"";"";"";""
"";"";"";"";"";"";"";"";"";"";"";"";"";"";"";"";"";"";"";"";"";"";"";"";"";"";"";"";"";"";"";"";"";"";"";"";"";"";"";"";"";"";"";"";"";"";"";"";"";"";"";"";"Oreiller santé";"";"";"";""
"";"";"";"";"";"";"";"";"";"";"";"";"";"";"";"";"";"";"";"";"";"";"";"";"";"";"";"";"";"";"";"";"";"";"";"";"";"";"";"";"";"";"";"";"";"";"";"";"";"";"";"";"Outil";"";"";"";""
"";"";"";"";"";"";"";"";"";"";"";"";"";"";"";"";"";"";"";"";"";"";"";"";"";"";"";"";"";"";"";"";"";"";"";"";"";"";"";"";"";"";"";"";"";"";"";"";"";"";"";"";"Panier";"";"";"";""
"";"";"";"";"";"";"";"";"";"";"";"";"";"";"";"";"";"";"";"";"";"";"";"";"";"";"";"";"";"";"";"";"";"";"";"";"";"";"";"";"";"";"";"";"";"";"";"";"";"";"";"";"Panier, Corbeille";"";"";"";""
"";"";"";"";"";"";"";"";"";"";"";"";"";"";"";"";"";"";"";"";"";"";"";"";"";"";"";"";"";"";"";"";"";"";"";"";"";"";"";"";"";"";"";"";"";"";"";"";"";"";"";"";"Panneau japonais";"";"";"";""
"";"";"";"";"";"";"";"";"";"";"";"";"";"";"";"";"";"";"";"";"";"";"";"";"";"";"";"";"";"";"";"";"";"";"";"";"";"";"";"";"";"";"";"";"";"";"";"";"";"";"";"";"Papier d'Armenie";"";"";"";""
"";"";"";"";"";"";"";"";"";"";"";"";"";"";"";"";"";"";"";"";"";"";"";"";"";"";"";"";"";"";"";"";"";"";"";"";"";"";"";"";"";"";"";"";"";"";"";"";"";"";"";"";"Papier peint";"";"";"";""
"";"";"";"";"";"";"";"";"";"";"";"";"";"";"";"";"";"";"";"";"";"";"";"";"";"";"";"";"";"";"";"";"";"";"";"";"";"";"";"";"";"";"";"";"";"";"";"";"";"";"";"";"Papyrus";"";"";"";""
"";"";"";"";"";"";"";"";"";"";"";"";"";"";"";"";"";"";"";"";"";"";"";"";"";"";"";"";"";"";"";"";"";"";"";"";"";"";"";"";"";"";"";"";"";"";"";"";"";"";"";"";"Paravent";"";"";"";""
"";"";"";"";"";"";"";"";"";"";"";"";"";"";"";"";"";"";"";"";"";"";"";"";"";"";"";"";"";"";"";"";"";"";"";"";"";"";"";"";"";"";"";"";"";"";"";"";"";"";"";"";"Parcs";"";"";"";""
"";"";"";"";"";"";"";"";"";"";"";"";"";"";"";"";"";"";"";"";"";"";"";"";"";"";"";"";"";"";"";"";"";"";"";"";"";"";"";"";"";"";"";"";"";"";"";"";"";"";"";"";"Pare douche";"";"";"";""
"";"";"";"";"";"";"";"";"";"";"";"";"";"";"";"";"";"";"";"";"";"";"";"";"";"";"";"";"";"";"";"";"";"";"";"";"";"";"";"";"";"";"";"";"";"";"";"";"";"";"";"";"Parfum ambiance";"";"";"";""
"";"";"";"";"";"";"";"";"";"";"";"";"";"";"";"";"";"";"";"";"";"";"";"";"";"";"";"";"";"";"";"";"";"";"";"";"";"";"";"";"";"";"";"";"";"";"";"";"";"";"";"";"Patère";"";"";"";""
"";"";"";"";"";"";"";"";"";"";"";"";"";"";"";"";"";"";"";"";"";"";"";"";"";"";"";"";"";"";"";"";"";"";"";"";"";"";"";"";"";"";"";"";"";"";"";"";"";"";"";"";"Peinture";"";"";"";""
"";"";"";"";"";"";"";"";"";"";"";"";"";"";"";"";"";"";"";"";"";"";"";"";"";"";"";"";"";"";"";"";"";"";"";"";"";"";"";"";"";"";"";"";"";"";"";"";"";"";"";"";"Peinture, Toile";"";"";"";""
"";"";"";"";"";"";"";"";"";"";"";"";"";"";"";"";"";"";"";"";"";"";"";"";"";"";"";"";"";"";"";"";"";"";"";"";"";"";"";"";"";"";"";"";"";"";"";"";"";"";"";"";"Penderie";"";"";"";""
"";"";"";"";"";"";"";"";"";"";"";"";"";"";"";"";"";"";"";"";"";"";"";"";"";"";"";"";"";"";"";"";"";"";"";"";"";"";"";"";"";"";"";"";"";"";"";"";"";"";"";"";"Pendule a poser";"";"";"";""
"";"";"";"";"";"";"";"";"";"";"";"";"";"";"";"";"";"";"";"";"";"";"";"";"";"";"";"";"";"";"";"";"";"";"";"";"";"";"";"";"";"";"";"";"";"";"";"";"";"";"";"";"Pendule murale";"";"";"";""
"";"";"";"";"";"";"";"";"";"";"";"";"";"";"";"";"";"";"";"";"";"";"";"";"";"";"";"";"";"";"";"";"";"";"";"";"";"";"";"";"";"";"";"";"";"";"";"";"";"";"";"";"Pendulette";"";"";"";""
"";"";"";"";"";"";"";"";"";"";"";"";"";"";"";"";"";"";"";"";"";"";"";"";"";"";"";"";"";"";"";"";"";"";"";"";"";"";"";"";"";"";"";"";"";"";"";"";"";"";"";"";"Perroquet";"";"";"";""
"";"";"";"";"";"";"";"";"";"";"";"";"";"";"";"";"";"";"";"";"";"";"";"";"";"";"";"";"";"";"";"";"";"";"";"";"";"";"";"";"";"";"";"";"";"";"";"";"";"";"";"";"Photophore";"";"";"";""
"";"";"";"";"";"";"";"";"";"";"";"";"";"";"";"";"";"";"";"";"";"";"";"";"";"";"";"";"";"";"";"";"";"";"";"";"";"";"";"";"";"";"";"";"";"";"";"";"";"";"";"";"Piece detachee";"";"";"";""
"";"";"";"";"";"";"";"";"";"";"";"";"";"";"";"";"";"";"";"";"";"";"";"";"";"";"";"";"";"";"";"";"";"";"";"";"";"";"";"";"";"";"";"";"";"";"";"";"";"";"";"";"Pied de lampe";"";"";"";""
"";"";"";"";"";"";"";"";"";"";"";"";"";"";"";"";"";"";"";"";"";"";"";"";"";"";"";"";"";"";"";"";"";"";"";"";"";"";"";"";"";"";"";"";"";"";"";"";"";"";"";"";"Pied de lit";"";"";"";""
"";"";"";"";"";"";"";"";"";"";"";"";"";"";"";"";"";"";"";"";"";"";"";"";"";"";"";"";"";"";"";"";"";"";"";"";"";"";"";"";"";"";"";"";"";"";"";"";"";"";"";"";"Pieds de lit";"";"";"";""
"";"";"";"";"";"";"";"";"";"";"";"";"";"";"";"";"";"";"";"";"";"";"";"";"";"";"";"";"";"";"";"";"";"";"";"";"";"";"";"";"";"";"";"";"";"";"";"";"";"";"";"";"Pieds de sommier";"";"";"";""
"";"";"";"";"";"";"";"";"";"";"";"";"";"";"";"";"";"";"";"";"";"";"";"";"";"";"";"";"";"";"";"";"";"";"";"";"";"";"";"";"";"";"";"";"";"";"";"";"";"";"";"";"Placard";"";"";"";""
"";"";"";"";"";"";"";"";"";"";"";"";"";"";"";"";"";"";"";"";"";"";"";"";"";"";"";"";"";"";"";"";"";"";"";"";"";"";"";"";"";"";"";"";"";"";"";"";"";"";"";"";"Plafonnier";"";"";"";""
"";"";"";"";"";"";"";"";"";"";"";"";"";"";"";"";"";"";"";"";"";"";"";"";"";"";"";"";"";"";"";"";"";"";"";"";"";"";"";"";"";"";"";"";"";"";"";"";"";"";"";"";"Plan de travail";"";"";"";""
"";"";"";"";"";"";"";"";"";"";"";"";"";"";"";"";"";"";"";"";"";"";"";"";"";"";"";"";"";"";"";"";"";"";"";"";"";"";"";"";"";"";"";"";"";"";"";"";"";"";"";"";"Plaque";"";"";"";""
"";"";"";"";"";"";"";"";"";"";"";"";"";"";"";"";"";"";"";"";"";"";"";"";"";"";"";"";"";"";"";"";"";"";"";"";"";"";"";"";"";"";"";"";"";"";"";"";"";"";"";"";"Plaque de porte";"";"";"";""
"";"";"";"";"";"";"";"";"";"";"";"";"";"";"";"";"";"";"";"";"";"";"";"";"";"";"";"";"";"";"";"";"";"";"";"";"";"";"";"";"";"";"";"";"";"";"";"";"";"";"";"";"Plat";"";"";"";""
"";"";"";"";"";"";"";"";"";"";"";"";"";"";"";"";"";"";"";"";"";"";"";"";"";"";"";"";"";"";"";"";"";"";"";"";"";"";"";"";"";"";"";"";"";"";"";"";"";"";"";"";"Plat à tajine";"";"";"";""
"";"";"";"";"";"";"";"";"";"";"";"";"";"";"";"";"";"";"";"";"";"";"";"";"";"";"";"";"";"";"";"";"";"";"";"";"";"";"";"";"";"";"";"";"";"";"";"";"";"";"";"";"Plat, Plateau";"";"";"";""
"";"";"";"";"";"";"";"";"";"";"";"";"";"";"";"";"";"";"";"";"";"";"";"";"";"";"";"";"";"";"";"";"";"";"";"";"";"";"";"";"";"";"";"";"";"";"";"";"";"";"";"";"Plateau";"";"";"";""
"";"";"";"";"";"";"";"";"";"";"";"";"";"";"";"";"";"";"";"";"";"";"";"";"";"";"";"";"";"";"";"";"";"";"";"";"";"";"";"";"";"";"";"";"";"";"";"";"";"";"";"";"Plateau decoratif";"";"";"";""
"";"";"";"";"";"";"";"";"";"";"";"";"";"";"";"";"";"";"";"";"";"";"";"";"";"";"";"";"";"";"";"";"";"";"";"";"";"";"";"";"";"";"";"";"";"";"";"";"";"";"";"";"Plumon";"";"";"";""
"";"";"";"";"";"";"";"";"";"";"";"";"";"";"";"";"";"";"";"";"";"";"";"";"";"";"";"";"";"";"";"";"";"";"";"";"";"";"";"";"";"";"";"";"";"";"";"";"";"";"";"";"Poignée";"";"";"";""
"";"";"";"";"";"";"";"";"";"";"";"";"";"";"";"";"";"";"";"";"";"";"";"";"";"";"";"";"";"";"";"";"";"";"";"";"";"";"";"";"";"";"";"";"";"";"";"";"";"";"";"";"Poire";"";"";"";""
"";"";"";"";"";"";"";"";"";"";"";"";"";"";"";"";"";"";"";"";"";"";"";"";"";"";"";"";"";"";"";"";"";"";"";"";"";"";"";"";"";"";"";"";"";"";"";"";"";"";"";"";"Portant";"";"";"";""
"";"";"";"";"";"";"";"";"";"";"";"";"";"";"";"";"";"";"";"";"";"";"";"";"";"";"";"";"";"";"";"";"";"";"";"";"";"";"";"";"";"";"";"";"";"";"";"";"";"";"";"";"Portant a vetements";"";"";"";""
"";"";"";"";"";"";"";"";"";"";"";"";"";"";"";"";"";"";"";"";"";"";"";"";"";"";"";"";"";"";"";"";"";"";"";"";"";"";"";"";"";"";"";"";"";"";"";"";"";"";"";"";"Porte bougie";"";"";"";""
"";"";"";"";"";"";"";"";"";"";"";"";"";"";"";"";"";"";"";"";"";"";"";"";"";"";"";"";"";"";"";"";"";"";"";"";"";"";"";"";"";"";"";"";"";"";"";"";"";"";"";"";"Porte dressing";"";"";"";""
"";"";"";"";"";"";"";"";"";"";"";"";"";"";"";"";"";"";"";"";"";"";"";"";"";"";"";"";"";"";"";"";"";"";"";"";"";"";"";"";"";"";"";"";"";"";"";"";"";"";"";"";"Porte encens";"";"";"";""
"";"";"";"";"";"";"";"";"";"";"";"";"";"";"";"";"";"";"";"";"";"";"";"";"";"";"";"";"";"";"";"";"";"";"";"";"";"";"";"";"";"";"";"";"";"";"";"";"";"";"";"";"Porte manteau";"";"";"";""
"";"";"";"";"";"";"";"";"";"";"";"";"";"";"";"";"";"";"";"";"";"";"";"";"";"";"";"";"";"";"";"";"";"";"";"";"";"";"";"";"";"";"";"";"";"";"";"";"";"";"";"";"Porte photo";"";"";"";""
"";"";"";"";"";"";"";"";"";"";"";"";"";"";"";"";"";"";"";"";"";"";"";"";"";"";"";"";"";"";"";"";"";"";"";"";"";"";"";"";"";"";"";"";"";"";"";"";"";"";"";"";"Porte revues";"";"";"";""
"";"";"";"";"";"";"";"";"";"";"";"";"";"";"";"";"";"";"";"";"";"";"";"";"";"";"";"";"";"";"";"";"";"";"";"";"";"";"";"";"";"";"";"";"";"";"";"";"";"";"";"";"Porte-manteaux";"";"";"";""
"";"";"";"";"";"";"";"";"";"";"";"";"";"";"";"";"";"";"";"";"";"";"";"";"";"";"";"";"";"";"";"";"";"";"";"";"";"";"";"";"";"";"";"";"";"";"";"";"";"";"";"";"Porte-nom";"";"";"";""
"";"";"";"";"";"";"";"";"";"";"";"";"";"";"";"";"";"";"";"";"";"";"";"";"";"";"";"";"";"";"";"";"";"";"";"";"";"";"";"";"";"";"";"";"";"";"";"";"";"";"";"";"Porte-revue";"";"";"";""
"";"";"";"";"";"";"";"";"";"";"";"";"";"";"";"";"";"";"";"";"";"";"";"";"";"";"";"";"";"";"";"";"";"";"";"";"";"";"";"";"";"";"";"";"";"";"";"";"";"";"";"";"Porte-serviettes";"";"";"";""
"";"";"";"";"";"";"";"";"";"";"";"";"";"";"";"";"";"";"";"";"";"";"";"";"";"";"";"";"";"";"";"";"";"";"";"";"";"";"";"";"";"";"";"";"";"";"";"";"";"";"";"";"Portemanteaux";"";"";"";""
"";"";"";"";"";"";"";"";"";"";"";"";"";"";"";"";"";"";"";"";"";"";"";"";"";"";"";"";"";"";"";"";"";"";"";"";"";"";"";"";"";"";"";"";"";"";"";"";"";"";"";"";"Pot pourri";"";"";"";""
"";"";"";"";"";"";"";"";"";"";"";"";"";"";"";"";"";"";"";"";"";"";"";"";"";"";"";"";"";"";"";"";"";"";"";"";"";"";"";"";"";"";"";"";"";"";"";"";"";"";"";"";"Pot, Potiche";"";"";"";""
"";"";"";"";"";"";"";"";"";"";"";"";"";"";"";"";"";"";"";"";"";"";"";"";"";"";"";"";"";"";"";"";"";"";"";"";"";"";"";"";"";"";"";"";"";"";"";"";"";"";"";"";"Poubelle";"";"";"";""
"";"";"";"";"";"";"";"";"";"";"";"";"";"";"";"";"";"";"";"";"";"";"";"";"";"";"";"";"";"";"";"";"";"";"";"";"";"";"";"";"";"";"";"";"";"";"";"";"";"";"";"";"Pouf";"";"";"";""
"";"";"";"";"";"";"";"";"";"";"";"";"";"";"";"";"";"";"";"";"";"";"";"";"";"";"";"";"";"";"";"";"";"";"";"";"";"";"";"";"";"";"";"";"";"";"";"";"";"";"";"";"Pouf-poire";"";"";"";""
"";"";"";"";"";"";"";"";"";"";"";"";"";"";"";"";"";"";"";"";"";"";"";"";"";"";"";"";"";"";"";"";"";"";"";"";"";"";"";"";"";"";"";"";"";"";"";"";"";"";"";"";"Poupee";"";"";"";""
"";"";"";"";"";"";"";"";"";"";"";"";"";"";"";"";"";"";"";"";"";"";"";"";"";"";"";"";"";"";"";"";"";"";"";"";"";"";"";"";"";"";"";"";"";"";"";"";"";"";"";"";"Protège matelas - alèse";"";"";"";""
"";"";"";"";"";"";"";"";"";"";"";"";"";"";"";"";"";"";"";"";"";"";"";"";"";"";"";"";"";"";"";"";"";"";"";"";"";"";"";"";"";"";"";"";"";"";"";"";"";"";"";"";"Protège sommier";"";"";"";""
"";"";"";"";"";"";"";"";"";"";"";"";"";"";"";"";"";"";"";"";"";"";"";"";"";"";"";"";"";"";"";"";"";"";"";"";"";"";"";"";"";"";"";"";"";"";"";"";"";"";"";"";"Pêle-mêle";"";"";"";""
"";"";"";"";"";"";"";"";"";"";"";"";"";"";"";"";"";"";"";"";"";"";"";"";"";"";"";"";"";"";"";"";"";"";"";"";"";"";"";"";"";"";"";"";"";"";"";"";"";"";"";"";"Ramequin";"";"";"";""
"";"";"";"";"";"";"";"";"";"";"";"";"";"";"";"";"";"";"";"";"";"";"";"";"";"";"";"";"";"";"";"";"";"";"";"";"";"";"";"";"";"";"";"";"";"";"";"";"";"";"";"";"Rangement CD";"";"";"";""
"";"";"";"";"";"";"";"";"";"";"";"";"";"";"";"";"";"";"";"";"";"";"";"";"";"";"";"";"";"";"";"";"";"";"";"";"";"";"";"";"";"";"";"";"";"";"";"";"";"";"";"";"Rangement DVD";"";"";"";""
"";"";"";"";"";"";"";"";"";"";"";"";"";"";"";"";"";"";"";"";"";"";"";"";"";"";"";"";"";"";"";"";"";"";"";"";"";"";"";"";"";"";"";"";"";"";"";"";"";"";"";"";"Rangement chaussure";"";"";"";""
"";"";"";"";"";"";"";"";"";"";"";"";"";"";"";"";"";"";"";"";"";"";"";"";"";"";"";"";"";"";"";"";"";"";"";"";"";"";"";"";"";"";"";"";"";"";"";"";"";"";"";"";"Rangement chaussures";"";"";"";""
"";"";"";"";"";"";"";"";"";"";"";"";"";"";"";"";"";"";"";"";"";"";"";"";"";"";"";"";"";"";"";"";"";"";"";"";"";"";"";"";"";"";"";"";"";"";"";"";"";"";"";"";"Rangement dressing";"";"";"";""
"";"";"";"";"";"";"";"";"";"";"";"";"";"";"";"";"";"";"";"";"";"";"";"";"";"";"";"";"";"";"";"";"";"";"";"";"";"";"";"";"";"";"";"";"";"";"";"";"";"";"";"";"Rayonnages, Etagere";"";"";"";""
"";"";"";"";"";"";"";"";"";"";"";"";"";"";"";"";"";"";"";"";"";"";"";"";"";"";"";"";"";"";"";"";"";"";"";"";"";"";"";"";"";"";"";"";"";"";"";"";"";"";"";"";"Recharge";"";"";"";""
"";"";"";"";"";"";"";"";"";"";"";"";"";"";"";"";"";"";"";"";"";"";"";"";"";"";"";"";"";"";"";"";"";"";"";"";"";"";"";"";"";"";"";"";"";"";"";"";"";"";"";"";"Redresseur";"";"";"";""
"";"";"";"";"";"";"";"";"";"";"";"";"";"";"";"";"";"";"";"";"";"";"";"";"";"";"";"";"";"";"";"";"";"";"";"";"";"";"";"";"";"";"";"";"";"";"";"";"";"";"";"";"Refroidisseur";"";"";"";""
"";"";"";"";"";"";"";"";"";"";"";"";"";"";"";"";"";"";"";"";"";"";"";"";"";"";"";"";"";"";"";"";"";"";"";"";"";"";"";"";"";"";"";"";"";"";"";"";"";"";"";"";"Rehausseurs";"";"";"";""
"";"";"";"";"";"";"";"";"";"";"";"";"";"";"";"";"";"";"";"";"";"";"";"";"";"";"";"";"";"";"";"";"";"";"";"";"";"";"";"";"";"";"";"";"";"";"";"";"";"";"";"";"Repose pieds";"";"";"";""
"";"";"";"";"";"";"";"";"";"";"";"";"";"";"";"";"";"";"";"";"";"";"";"";"";"";"";"";"";"";"";"";"";"";"";"";"";"";"";"";"";"";"";"";"";"";"";"";"";"";"";"";"Repose tête";"";"";"";""
"";"";"";"";"";"";"";"";"";"";"";"";"";"";"";"";"";"";"";"";"";"";"";"";"";"";"";"";"";"";"";"";"";"";"";"";"";"";"";"";"";"";"";"";"";"";"";"";"";"";"";"";"Repose-pieds, Pouf";"";"";"";""
"";"";"";"";"";"";"";"";"";"";"";"";"";"";"";"";"";"";"";"";"";"";"";"";"";"";"";"";"";"";"";"";"";"";"";"";"";"";"";"";"";"";"";"";"";"";"";"";"";"";"";"";"Reveil";"";"";"";""
"";"";"";"";"";"";"";"";"";"";"";"";"";"";"";"";"";"";"";"";"";"";"";"";"";"";"";"";"";"";"";"";"";"";"";"";"";"";"";"";"";"";"";"";"";"";"";"";"";"";"";"";"Rideaux";"";"";"";""
"";"";"";"";"";"";"";"";"";"";"";"";"";"";"";"";"";"";"";"";"";"";"";"";"";"";"";"";"";"";"";"";"";"";"";"";"";"";"";"";"";"";"";"";"";"";"";"";"";"";"";"";"Rocking chair";"";"";"";""
"";"";"";"";"";"";"";"";"";"";"";"";"";"";"";"";"";"";"";"";"";"";"";"";"";"";"";"";"";"";"";"";"";"";"";"";"";"";"";"";"";"";"";"";"";"";"";"";"";"";"";"";"Rond de serviette";"";"";"";""
"";"";"";"";"";"";"";"";"";"";"";"";"";"";"";"";"";"";"";"";"";"";"";"";"";"";"";"";"";"";"";"";"";"";"";"";"";"";"";"";"";"";"";"";"";"";"";"";"";"";"";"";"Réglette";"";"";"";""
"";"";"";"";"";"";"";"";"";"";"";"";"";"";"";"";"";"";"";"";"";"";"";"";"";"";"";"";"";"";"";"";"";"";"";"";"";"";"";"";"";"";"";"";"";"";"";"";"";"";"";"";"Sac a jouets";"";"";"";""
"";"";"";"";"";"";"";"";"";"";"";"";"";"";"";"";"";"";"";"";"";"";"";"";"";"";"";"";"";"";"";"";"";"";"";"";"";"";"";"";"";"";"";"";"";"";"";"";"";"";"";"";"Sachet parfume";"";"";"";""
"";"";"";"";"";"";"";"";"";"";"";"";"";"";"";"";"";"";"";"";"";"";"";"";"";"";"";"";"";"";"";"";"";"";"";"";"";"";"";"";"";"";"";"";"";"";"";"";"";"";"";"";"Saladier";"";"";"";""
"";"";"";"";"";"";"";"";"";"";"";"";"";"";"";"";"";"";"";"";"";"";"";"";"";"";"";"";"";"";"";"";"";"";"";"";"";"";"";"";"";"";"";"";"";"";"";"";"";"";"";"";"Sangle";"";"";"";""
"";"";"";"";"";"";"";"";"";"";"";"";"";"";"";"";"";"";"";"";"";"";"";"";"";"";"";"";"";"";"";"";"";"";"";"";"";"";"";"";"";"";"";"";"";"";"";"";"";"";"";"";"Scriban";"";"";"";""
"";"";"";"";"";"";"";"";"";"";"";"";"";"";"";"";"";"";"";"";"";"";"";"";"";"";"";"";"";"";"";"";"";"";"";"";"";"";"";"";"";"";"";"";"";"";"";"";"";"";"";"";"Sculpture";"";"";"";""
"";"";"";"";"";"";"";"";"";"";"";"";"";"";"";"";"";"";"";"";"";"";"";"";"";"";"";"";"";"";"";"";"";"";"";"";"";"";"";"";"";"";"";"";"";"";"";"";"";"";"";"";"Secretaire";"";"";"";""
"";"";"";"";"";"";"";"";"";"";"";"";"";"";"";"";"";"";"";"";"";"";"";"";"";"";"";"";"";"";"";"";"";"";"";"";"";"";"";"";"";"";"";"";"";"";"";"";"";"";"";"";"Secrétaire";"";"";"";""
"";"";"";"";"";"";"";"";"";"";"";"";"";"";"";"";"";"";"";"";"";"";"";"";"";"";"";"";"";"";"";"";"";"";"";"";"";"";"";"";"";"";"";"";"";"";"";"";"";"";"";"";"Securite";"";"";"";""
"";"";"";"";"";"";"";"";"";"";"";"";"";"";"";"";"";"";"";"";"";"";"";"";"";"";"";"";"";"";"";"";"";"";"";"";"";"";"";"";"";"";"";"";"";"";"";"";"";"";"";"";"Sellette";"";"";"";""
"";"";"";"";"";"";"";"";"";"";"";"";"";"";"";"";"";"";"";"";"";"";"";"";"";"";"";"";"";"";"";"";"";"";"";"";"";"";"";"";"";"";"";"";"";"";"";"";"";"";"";"";"Serre livre";"";"";"";""
"";"";"";"";"";"";"";"";"";"";"";"";"";"";"";"";"";"";"";"";"";"";"";"";"";"";"";"";"";"";"";"";"";"";"";"";"";"";"";"";"";"";"";"";"";"";"";"";"";"";"";"";"Serviteur";"";"";"";""
"";"";"";"";"";"";"";"";"";"";"";"";"";"";"";"";"";"";"";"";"";"";"";"";"";"";"";"";"";"";"";"";"";"";"";"";"";"";"";"";"";"";"";"";"";"";"";"";"";"";"";"";"Serviteur de douche";"";"";"";""
"";"";"";"";"";"";"";"";"";"";"";"";"";"";"";"";"";"";"";"";"";"";"";"";"";"";"";"";"";"";"";"";"";"";"";"";"";"";"";"";"";"";"";"";"";"";"";"";"";"";"";"";"Siege";"";"";"";""
"";"";"";"";"";"";"";"";"";"";"";"";"";"";"";"";"";"";"";"";"";"";"";"";"";"";"";"";"";"";"";"";"";"";"";"";"";"";"";"";"";"";"";"";"";"";"";"";"";"";"";"";"Sommier";"";"";"";""
"";"";"";"";"";"";"";"";"";"";"";"";"";"";"";"";"";"";"";"";"";"";"";"";"";"";"";"";"";"";"";"";"";"";"";"";"";"";"";"";"";"";"";"";"";"";"";"";"";"";"";"";"Sommier coffre";"";"";"";""
"";"";"";"";"";"";"";"";"";"";"";"";"";"";"";"";"";"";"";"";"";"";"";"";"";"";"";"";"";"";"";"";"";"";"";"";"";"";"";"";"";"";"";"";"";"";"";"";"";"";"";"";"Sommier déco";"";"";"";""
"";"";"";"";"";"";"";"";"";"";"";"";"";"";"";"";"";"";"";"";"";"";"";"";"";"";"";"";"";"";"";"";"";"";"";"";"";"";"";"";"";"";"";"";"";"";"";"";"";"";"";"";"Sommier extra plat";"";"";"";""
"";"";"";"";"";"";"";"";"";"";"";"";"";"";"";"";"";"";"";"";"";"";"";"";"";"";"";"";"";"";"";"";"";"";"";"";"";"";"";"";"";"";"";"";"";"";"";"";"";"";"";"";"Sommier sur mesure";"";"";"";""
"";"";"";"";"";"";"";"";"";"";"";"";"";"";"";"";"";"";"";"";"";"";"";"";"";"";"";"";"";"";"";"";"";"";"";"";"";"";"";"";"";"";"";"";"";"";"";"";"";"";"";"";"Sommier à lattes";"";"";"";""
"";"";"";"";"";"";"";"";"";"";"";"";"";"";"";"";"";"";"";"";"";"";"";"";"";"";"";"";"";"";"";"";"";"";"";"";"";"";"";"";"";"";"";"";"";"";"";"";"";"";"";"";"Sommier à ressorts";"";"";"";""
"";"";"";"";"";"";"";"";"";"";"";"";"";"";"";"";"";"";"";"";"";"";"";"";"";"";"";"";"";"";"";"";"";"";"";"";"";"";"";"";"";"";"";"";"";"";"";"";"";"";"";"";"Sommier électrique";"";"";"";""
"";"";"";"";"";"";"";"";"";"";"";"";"";"";"";"";"";"";"";"";"";"";"";"";"";"";"";"";"";"";"";"";"";"";"";"";"";"";"";"";"";"";"";"";"";"";"";"";"";"";"";"";"Sonnette, carillon";"";"";"";""
"";"";"";"";"";"";"";"";"";"";"";"";"";"";"";"";"";"";"";"";"";"";"";"";"";"";"";"";"";"";"";"";"";"";"";"";"";"";"";"";"";"";"";"";"";"";"";"";"";"";"";"";"Spot";"";"";"";""
"";"";"";"";"";"";"";"";"";"";"";"";"";"";"";"";"";"";"";"";"";"";"";"";"";"";"";"";"";"";"";"";"";"";"";"";"";"";"";"";"";"";"";"";"";"";"";"";"";"";"";"";"Statue, Sculpture";"";"";"";""
"";"";"";"";"";"";"";"";"";"";"";"";"";"";"";"";"";"";"";"";"";"";"";"";"";"";"";"";"";"";"";"";"";"";"";"";"";"";"";"";"";"";"";"";"";"";"";"";"";"";"";"";"Statuette";"";"";"";""
"";"";"";"";"";"";"";"";"";"";"";"";"";"";"";"";"";"";"";"";"";"";"";"";"";"";"";"";"";"";"";"";"";"";"";"";"";"";"";"";"";"";"";"";"";"";"";"";"";"";"";"";"Sticker";"";"";"";""
"";"";"";"";"";"";"";"";"";"";"";"";"";"";"";"";"";"";"";"";"";"";"";"";"";"";"";"";"";"";"";"";"";"";"";"";"";"";"";"";"";"";"";"";"";"";"";"";"";"";"";"";"Sticker ardoise";"";"";"";""
"";"";"";"";"";"";"";"";"";"";"";"";"";"";"";"";"";"";"";"";"";"";"";"";"";"";"";"";"";"";"";"";"";"";"";"";"";"";"";"";"";"";"";"";"";"";"";"";"";"";"";"";"Sticker cadre";"";"";"";""
"";"";"";"";"";"";"";"";"";"";"";"";"";"";"";"";"";"";"";"";"";"";"";"";"";"";"";"";"";"";"";"";"";"";"";"";"";"";"";"";"";"";"";"";"";"";"";"";"";"";"";"";"Sticker miroir";"";"";"";""
"";"";"";"";"";"";"";"";"";"";"";"";"";"";"";"";"";"";"";"";"";"";"";"";"";"";"";"";"";"";"";"";"";"";"";"";"";"";"";"";"";"";"";"";"";"";"";"";"";"";"";"";"Store";"";"";"";""
"";"";"";"";"";"";"";"";"";"";"";"";"";"";"";"";"";"";"";"";"";"";"";"";"";"";"";"";"";"";"";"";"";"";"";"";"";"";"";"";"";"";"";"";"";"";"";"";"";"";"";"";"Store d'extérieur";"";"";"";""
"";"";"";"";"";"";"";"";"";"";"";"";"";"";"";"";"";"";"";"";"";"";"";"";"";"";"";"";"";"";"";"";"";"";"";"";"";"";"";"";"";"";"";"";"";"";"";"";"";"";"";"";"Structure dressing";"";"";"";""
"";"";"";"";"";"";"";"";"";"";"";"";"";"";"";"";"";"";"";"";"";"";"";"";"";"";"";"";"";"";"";"";"";"";"";"";"";"";"";"";"";"";"";"";"";"";"";"";"";"";"";"";"Sur pied";"";"";"";""
"";"";"";"";"";"";"";"";"";"";"";"";"";"";"";"";"";"";"";"";"";"";"";"";"";"";"";"";"";"";"";"";"";"";"";"";"";"";"";"";"";"";"";"";"";"";"";"";"";"";"";"";"Surmatelas";"";"";"";""
"";"";"";"";"";"";"";"";"";"";"";"";"";"";"";"";"";"";"";"";"";"";"";"";"";"";"";"";"";"";"";"";"";"";"";"";"";"";"";"";"";"";"";"";"";"";"";"";"";"";"";"";"Surmeuble";"";"";"";""
"";"";"";"";"";"";"";"";"";"";"";"";"";"";"";"";"";"";"";"";"";"";"";"";"";"";"";"";"";"";"";"";"";"";"";"";"";"";"";"";"";"";"";"";"";"";"";"";"";"";"";"";"Suspension";"";"";"";""
"";"";"";"";"";"";"";"";"";"";"";"";"";"";"";"";"";"";"";"";"";"";"";"";"";"";"";"";"";"";"";"";"";"";"";"";"";"";"";"";"";"";"";"";"";"";"";"";"";"";"";"";"Sèche serviette";"";"";"";""
"";"";"";"";"";"";"";"";"";"";"";"";"";"";"";"";"";"";"";"";"";"";"";"";"";"";"";"";"";"";"";"";"";"";"";"";"";"";"";"";"";"";"";"";"";"";"";"";"";"";"";"";"Table";"";"";"";""
"";"";"";"";"";"";"";"";"";"";"";"";"";"";"";"";"";"";"";"";"";"";"";"";"";"";"";"";"";"";"";"";"";"";"";"";"";"";"";"";"";"";"";"";"";"";"";"";"";"";"";"";"Table bar";"";"";"";""
"";"";"";"";"";"";"";"";"";"";"";"";"";"";"";"";"";"";"";"";"";"";"";"";"";"";"";"";"";"";"";"";"";"";"";"";"";"";"";"";"";"";"";"";"";"";"";"";"";"";"";"";"Table basse";"";"";"";""
"";"";"";"";"";"";"";"";"";"";"";"";"";"";"";"";"";"";"";"";"";"";"";"";"";"";"";"";"";"";"";"";"";"";"";"";"";"";"";"";"";"";"";"";"";"";"";"";"";"";"";"";"Table de chevet";"";"";"";""
"";"";"";"";"";"";"";"";"";"";"";"";"";"";"";"";"";"";"";"";"";"";"";"";"";"";"";"";"";"";"";"";"";"";"";"";"";"";"";"";"";"";"";"";"";"";"";"";"";"";"";"";"Table de reunion";"";"";"";""
"";"";"";"";"";"";"";"";"";"";"";"";"";"";"";"";"";"";"";"";"";"";"";"";"";"";"";"";"";"";"";"";"";"";"";"";"";"";"";"";"";"";"";"";"";"";"";"";"";"";"";"";"Table gigogne";"";"";"";""
"";"";"";"";"";"";"";"";"";"";"";"";"";"";"";"";"";"";"";"";"";"";"";"";"";"";"";"";"";"";"";"";"";"";"";"";"";"";"";"";"";"";"";"";"";"";"";"";"";"";"";"";"Table ronde";"";"";"";""
"";"";"";"";"";"";"";"";"";"";"";"";"";"";"";"";"";"";"";"";"";"";"";"";"";"";"";"";"";"";"";"";"";"";"";"";"";"";"";"";"";"";"";"";"";"";"";"";"";"";"";"";"Tableau";"";"";"";""
"";"";"";"";"";"";"";"";"";"";"";"";"";"";"";"";"";"";"";"";"";"";"";"";"";"";"";"";"";"";"";"";"";"";"";"";"";"";"";"";"";"";"";"";"";"";"";"";"";"";"";"";"Tablette murale";"";"";"";""
"";"";"";"";"";"";"";"";"";"";"";"";"";"";"";"";"";"";"";"";"";"";"";"";"";"";"";"";"";"";"";"";"";"";"";"";"";"";"";"";"";"";"";"";"";"";"";"";"";"";"";"";"Tabouret";"";"";"";""
"";"";"";"";"";"";"";"";"";"";"";"";"";"";"";"";"";"";"";"";"";"";"";"";"";"";"";"";"";"";"";"";"";"";"";"";"";"";"";"";"";"";"";"";"";"";"";"";"";"";"";"";"Tabouret de bar";"";"";"";""
"";"";"";"";"";"";"";"";"";"";"";"";"";"";"";"";"";"";"";"";"";"";"";"";"";"";"";"";"";"";"";"";"";"";"";"";"";"";"";"";"";"";"";"";"";"";"";"";"";"";"";"";"Taie d'oreiller";"";"";"";""
"";"";"";"";"";"";"";"";"";"";"";"";"";"";"";"";"";"";"";"";"";"";"";"";"";"";"";"";"";"";"";"";"";"";"";"";"";"";"";"";"";"";"";"";"";"";"";"";"";"";"";"";"Taie de traversin";"";"";"";""
"";"";"";"";"";"";"";"";"";"";"";"";"";"";"";"";"";"";"";"";"";"";"";"";"";"";"";"";"";"";"";"";"";"";"";"";"";"";"";"";"";"";"";"";"";"";"";"";"";"";"";"";"Tapis";"";"";"";""
"";"";"";"";"";"";"";"";"";"";"";"";"";"";"";"";"";"";"";"";"";"";"";"";"";"";"";"";"";"";"";"";"";"";"";"";"";"";"";"";"";"";"";"";"";"";"";"";"";"";"";"";"Tapis d'escalier";"";"";"";""
"";"";"";"";"";"";"";"";"";"";"";"";"";"";"";"";"";"";"";"";"";"";"";"";"";"";"";"";"";"";"";"";"";"";"";"";"";"";"";"";"";"";"";"";"";"";"";"";"";"";"";"";"Tapis de bain";"";"";"";""
"";"";"";"";"";"";"";"";"";"";"";"";"";"";"";"";"";"";"";"";"";"";"";"";"";"";"";"";"";"";"";"";"";"";"";"";"";"";"";"";"";"";"";"";"";"";"";"";"";"";"";"";"Tapis de couloir";"";"";"";""
"";"";"";"";"";"";"";"";"";"";"";"";"";"";"";"";"";"";"";"";"";"";"";"";"";"";"";"";"";"";"";"";"";"";"";"";"";"";"";"";"";"";"";"";"";"";"";"";"";"";"";"";"Tapis de cuisine";"";"";"";""
"";"";"";"";"";"";"";"";"";"";"";"";"";"";"";"";"";"";"";"";"";"";"";"";"";"";"";"";"";"";"";"";"";"";"";"";"";"";"";"";"";"";"";"";"";"";"";"";"";"";"";"";"Tapis de parc";"";"";"";""
"";"";"";"";"";"";"";"";"";"";"";"";"";"";"";"";"";"";"";"";"";"";"";"";"";"";"";"";"";"";"";"";"";"";"";"";"";"";"";"";"";"";"";"";"";"";"";"";"";"";"";"";"Tapis extérieur";"";"";"";""
"";"";"";"";"";"";"";"";"";"";"";"";"";"";"";"";"";"";"";"";"";"";"";"";"";"";"";"";"";"";"";"";"";"";"";"";"";"";"";"";"";"";"";"";"";"";"";"";"";"";"";"";"Tasse";"";"";"";""
"";"";"";"";"";"";"";"";"";"";"";"";"";"";"";"";"";"";"";"";"";"";"";"";"";"";"";"";"";"";"";"";"";"";"";"";"";"";"";"";"";"";"";"";"";"";"";"";"";"";"";"";"Tenture";"";"";"";""
"";"";"";"";"";"";"";"";"";"";"";"";"";"";"";"";"";"";"";"";"";"";"";"";"";"";"";"";"";"";"";"";"";"";"";"";"";"";"";"";"";"";"";"";"";"";"";"";"";"";"";"";"Tete de lit";"";"";"";""
"";"";"";"";"";"";"";"";"";"";"";"";"";"";"";"";"";"";"";"";"";"";"";"";"";"";"";"";"";"";"";"";"";"";"";"";"";"";"";"";"";"";"";"";"";"";"";"";"";"";"";"";"Tiroir lit";"";"";"";""
"";"";"";"";"";"";"";"";"";"";"";"";"";"";"";"";"";"";"";"";"";"";"";"";"";"";"";"";"";"";"";"";"";"";"";"";"";"";"";"";"";"";"";"";"";"";"";"";"";"";"";"";"Tour de lit";"";"";"";""
"";"";"";"";"";"";"";"";"";"";"";"";"";"";"";"";"";"";"";"";"";"";"";"";"";"";"";"";"";"";"";"";"";"";"";"";"";"";"";"";"";"";"";"";"";"";"";"";"";"";"";"";"Tours de lits";"";"";"";""
"";"";"";"";"";"";"";"";"";"";"";"";"";"";"";"";"";"";"";"";"";"";"";"";"";"";"";"";"";"";"";"";"";"";"";"";"";"";"";"";"";"";"";"";"";"";"";"";"";"";"";"";"Tours de parc";"";"";"";""
"";"";"";"";"";"";"";"";"";"";"";"";"";"";"";"";"";"";"";"";"";"";"";"";"";"";"";"";"";"";"";"";"";"";"";"";"";"";"";"";"";"";"";"";"";"";"";"";"";"";"";"";"Transats";"";"";"";""
"";"";"";"";"";"";"";"";"";"";"";"";"";"";"";"";"";"";"";"";"";"";"";"";"";"";"";"";"";"";"";"";"";"";"";"";"";"";"";"";"";"";"";"";"";"";"";"";"";"";"";"";"Tréteaux";"";"";"";""
"";"";"";"";"";"";"";"";"";"";"";"";"";"";"";"";"";"";"";"";"";"";"";"";"";"";"";"";"";"";"";"";"";"";"";"";"";"";"";"";"";"";"";"";"";"";"";"";"";"";"";"";"Tête de lit";"";"";"";""
"";"";"";"";"";"";"";"";"";"";"";"";"";"";"";"";"";"";"";"";"";"";"";"";"";"";"";"";"";"";"";"";"";"";"";"";"";"";"";"";"";"";"";"";"";"";"";"";"";"";"";"";"Têtière";"";"";"";""
"";"";"";"";"";"";"";"";"";"";"";"";"";"";"";"";"";"";"";"";"";"";"";"";"";"";"";"";"";"";"";"";"";"";"";"";"";"";"";"";"";"";"";"";"";"";"";"";"";"";"";"";"Vaisselier";"";"";"";""
"";"";"";"";"";"";"";"";"";"";"";"";"";"";"";"";"";"";"";"";"";"";"";"";"";"";"";"";"";"";"";"";"";"";"";"";"";"";"";"";"";"";"";"";"";"";"";"";"";"";"";"";"Vaisselier, Buffet vitre";"";"";"";""
"";"";"";"";"";"";"";"";"";"";"";"";"";"";"";"";"";"";"";"";"";"";"";"";"";"";"";"";"";"";"";"";"";"";"";"";"";"";"";"";"";"";"";"";"";"";"";"";"";"";"";"";"Vaisselle";"";"";"";""
"";"";"";"";"";"";"";"";"";"";"";"";"";"";"";"";"";"";"";"";"";"";"";"";"";"";"";"";"";"";"";"";"";"";"";"";"";"";"";"";"";"";"";"";"";"";"";"";"";"";"";"";"Vaisselle pour enfant";"";"";"";""
"";"";"";"";"";"";"";"";"";"";"";"";"";"";"";"";"";"";"";"";"";"";"";"";"";"";"";"";"";"";"";"";"";"";"";"";"";"";"";"";"";"";"";"";"";"";"";"";"";"";"";"";"Valet de chambre";"";"";"";""
"";"";"";"";"";"";"";"";"";"";"";"";"";"";"";"";"";"";"";"";"";"";"";"";"";"";"";"";"";"";"";"";"";"";"";"";"";"";"";"";"";"";"";"";"";"";"";"";"";"";"";"";"Valet de nuit";"";"";"";""
"";"";"";"";"";"";"";"";"";"";"";"";"";"";"";"";"";"";"";"";"";"";"";"";"";"";"";"";"";"";"";"";"";"";"";"";"";"";"";"";"";"";"";"";"";"";"";"";"";"";"";"";"Vaporisateur";"";"";"";""
"";"";"";"";"";"";"";"";"";"";"";"";"";"";"";"";"";"";"";"";"";"";"";"";"";"";"";"";"";"";"";"";"";"";"";"";"";"";"";"";"";"";"";"";"";"";"";"";"";"";"";"";"Vase";"";"";"";""
"";"";"";"";"";"";"";"";"";"";"";"";"";"";"";"";"";"";"";"";"";"";"";"";"";"";"";"";"";"";"";"";"";"";"";"";"";"";"";"";"";"";"";"";"";"";"";"";"";"";"";"";"Vasque";"";"";"";""
"";"";"";"";"";"";"";"";"";"";"";"";"";"";"";"";"";"";"";"";"";"";"";"";"";"";"";"";"";"";"";"";"";"";"";"";"";"";"";"";"";"";"";"";"";"";"";"";"";"";"";"";"Veilleuse";"";"";"";""
"";"";"";"";"";"";"";"";"";"";"";"";"";"";"";"";"";"";"";"";"";"";"";"";"";"";"";"";"";"";"";"";"";"";"";"";"";"";"";"";"";"";"";"";"";"";"";"";"";"";"";"";"Verres";"";"";"";""
"";"";"";"";"";"";"";"";"";"";"";"";"";"";"";"";"";"";"";"";"";"";"";"";"";"";"";"";"";"";"";"";"";"";"";"";"";"";"";"";"";"";"";"";"";"";"";"";"";"";"";"";"Verrines";"";"";"";""
"";"";"";"";"";"";"";"";"";"";"";"";"";"";"";"";"";"";"";"";"";"";"";"";"";"";"";"";"";"";"";"";"";"";"";"";"";"";"";"";"";"";"";"";"";"";"";"";"";"";"";"";"Verrou";"";"";"";""
"";"";"";"";"";"";"";"";"";"";"";"";"";"";"";"";"";"";"";"";"";"";"";"";"";"";"";"";"";"";"";"";"";"";"";"";"";"";"";"";"";"";"";"";"";"";"";"";"";"";"";"";"Vestiaire";"";"";"";""
"";"";"";"";"";"";"";"";"";"";"";"";"";"";"";"";"";"";"";"";"";"";"";"";"";"";"";"";"";"";"";"";"";"";"";"";"";"";"";"";"";"";"";"";"";"";"";"";"";"";"";"";"Vide poches";"";"";"";""
"";"";"";"";"";"";"";"";"";"";"";"";"";"";"";"";"";"";"";"";"";"";"";"";"";"";"";"";"";"";"";"";"";"";"";"";"";"";"";"";"";"";"";"";"";"";"";"";"";"";"";"";"Vitrine";"";"";"";""
"";"";"";"";"";"";"";"";"";"";"";"";"";"";"";"";"";"";"";"";"";"";"";"";"";"";"";"";"";"";"";"";"";"";"";"";"";"";"";"";"";"";"";"";"";"";"";"";"";"";"";"";"Voile d'ombrage";"";"";"";""
"";"";"";"";"";"";"";"";"";"";"";"";"";"";"";"";"";"";"";"";"";"";"";"";"";"";"";"";"";"";"";"";"";"";"";"";"";"";"";"";"";"";"";"";"";"";"";"";"";"";"";"";"Volet roulant";"";"";"";""
"";"";"";"";"";"";"";"";"";"";"";"";"";"";"";"";"";"";"";"";"";"";"";"";"";"";"";"";"";"";"";"";"";"";"";"";"";"";"";"";"";"";"";"";"";"";"";"";"";"";"";"";"WC";"";"";"";""
"";"";"";"";"";"";"";"";"";"";"";"";"";"";"";"";"";"";"";"";"";"";"";"";"";"";"";"";"";"";"";"";"";"";"";"";"";"";"";"";"";"";"";"";"";"";"";"";"";"";"";"";"Échantillons gratuits";"";"";"";""
"";"";"";"";"";"";"";"";"";"";"";"";"";"";"";"";"";"";"";"";"";"";"";"";"";"";"";"";"";"";"";"";"";"";"";"";"";"";"";"";"";"";"";"";"";"";"";"";"";"";"";"";"Échelle";"";"";"";""
"";"";"";"";"";"";"";"";"";"";"";"";"";"";"";"";"";"";"";"";"";"";"";"";"";"";"";"";"";"";"";"";"";"";"";"";"";"";"";"";"";"";"";"";"";"";"";"";"";"";"";"";"Éclairage extérieur";"";"";"";""
"";"";"";"";"";"";"";"";"";"";"";"";"";"";"";"";"";"";"";"";"";"";"";"";"";"";"";"";"";"";"";"";"";"";"";"";"";"";"";"";"";"";"";"";"";"";"";"";"";"";"";"";"Édredon";"";"";"";""
"";"";"";"";"";"";"";"";"";"";"";"";"";"";"";"";"";"";"";"";"";"";"";"";"";"";"";"";"";"";"";"";"";"";"";"";"";"";"";"";"";"";"";"";"";"";"";"";"";"";"";"";"Établi";"";"";"";""
"";"";"";"";"";"";"";"";"";"";"";"";"";"";"";"";"";"";"";"";"";"";"";"";"";"";"";"";"";"";"";"";"";"";"";"";"";"";"";"";"";"";"";"";"";"";"";"";"";"";"";"";"Étagère";"";"";"";""
"";"";"";"";"";"";"";"";"";"";"";"";"";"";"";"";"";"";"";"";"";"";"";"";"";"";"";"";"";"";"";"";"";"";"";"";"";"";"";"";"";"";"";"";"";"";"";"";"";"";"";"";"Étiquettes";"";"";"";""
